"","HALLMARK_TNFA_SIGNALING_VIA_NFKB","HALLMARK_HYPOXIA","HALLMARK_CHOLESTEROL_HOMEOSTASIS","HALLMARK_MITOTIC_SPINDLE","HALLMARK_WNT_BETA_CATENIN_SIGNALING","HALLMARK_TGF_BETA_SIGNALING","HALLMARK_IL6_JAK_STAT3_SIGNALING","HALLMARK_DNA_REPAIR","HALLMARK_G2M_CHECKPOINT","HALLMARK_APOPTOSIS","HALLMARK_NOTCH_SIGNALING","HALLMARK_ADIPOGENESIS","HALLMARK_ESTROGEN_RESPONSE_EARLY","HALLMARK_ESTROGEN_RESPONSE_LATE","HALLMARK_ANDROGEN_RESPONSE","HALLMARK_MYOGENESIS","HALLMARK_PROTEIN_SECRETION","HALLMARK_INTERFERON_ALPHA_RESPONSE","HALLMARK_INTERFERON_GAMMA_RESPONSE","HALLMARK_APICAL_JUNCTION","HALLMARK_APICAL_SURFACE","HALLMARK_HEDGEHOG_SIGNALING","HALLMARK_COMPLEMENT","HALLMARK_UNFOLDED_PROTEIN_RESPONSE","HALLMARK_PI3K_AKT_MTOR_SIGNALING","HALLMARK_MTORC1_SIGNALING","HALLMARK_E2F_TARGETS","HALLMARK_MYC_TARGETS_V1","HALLMARK_MYC_TARGETS_V2","HALLMARK_EPITHELIAL_MESENCHYMAL_TRANSITION","HALLMARK_INFLAMMATORY_RESPONSE","HALLMARK_XENOBIOTIC_METABOLISM","HALLMARK_FATTY_ACID_METABOLISM","HALLMARK_OXIDATIVE_PHOSPHORYLATION","HALLMARK_GLYCOLYSIS","HALLMARK_REACTIVE_OXYGEN_SPECIES_PATHWAY","HALLMARK_P53_PATHWAY","HALLMARK_UV_RESPONSE_UP","HALLMARK_UV_RESPONSE_DN","HALLMARK_ANGIOGENESIS","HALLMARK_HEME_METABOLISM","HALLMARK_COAGULATION","HALLMARK_IL2_STAT5_SIGNALING","HALLMARK_BILE_ACID_METABOLISM","HALLMARK_PEROXISOME","HALLMARK_ALLOGRAFT_REJECTION","HALLMARK_SPERMATOGENESIS","HALLMARK_KRAS_SIGNALING_UP","HALLMARK_KRAS_SIGNALING_DN","HALLMARK_PANCREAS_BETA_CELLS"
"1","JUNB","PGK1","FDPS","ARHGEF2","MYC","TGFBR1","IL4R","POLR2H","AURKA","CASP3","JAG1","FABP4","GREB1","TFF1","KLK3","ACTA1","ARCN1","MX1","STAT1","ACTN1","B4GALT1","SHH","C2","ATF4","MAPK8","FADS1","AURKA","PCNA","SLC19A1","COL3A1","CXCL10","CYP1A1","ACAA1","NDUFS3","PGK1","GSR","CDKN1A","NXF1","TJP1","VCAN","ALAS2","F2","SOCS2","SCP2","ABCD3","PTPRC","PDHA2","ANGPTL4","CDH16","PAX6"
"2","CXCL2","PDK1","CYP51A1","CLASP1","CTNNB1","SMAD7","IL6ST","POLR2A","CCNA2","CASP9","NOTCH3","ADIPOQ","CA12","SLC9A3R1","KLK2","TNNI2","TMED10","ISG15","ISG15","CLDN7","RHCG","PTCH1","C1S","HERPUD1","PIK3R3","DDIT4","BRCA2","PSMD8","MRTO4","COL5A2","CCL2","FAH","ACAA2","UQCRB","ALDOA","PRDX2","BTG2","SLC6A8","NFIB","POSTN","PPOX","PROC","CISH","ABCD3","ACOT8","IL12B","TSSK2","ITGA2","SPTBN2","NEUROD1"
"3","ATF3","GBE1","IDI1","KIF11","JAG2","TGFB1","STAT1","POLR2G","TOP2A","DFFA","NOTCH2","PPARG","SLC9A3R1","TPD52L1","ACSL3","MYL1","COPB2","OAS1","IFIT1","ACTN3","MAL","NRCAM","CFB","PARN","GRB2","CALR","CCP110","PSMD7","TMEM97","COL5A1","CCL5","DCXR","ACADL","NDUFS2","ENO1","TXNRD1","MDM2","BAK1","TGFBR3","FSTL1","FECH","C1S","PIM1","SLC27A2","ACOX1","TGFB1","TNP1","SPRY2","FGFR3","ISL1"
"4","NFKBIA","PFKL","FDFT1","KIF23","NOTCH1","SMURF2","IL1R1","POLR2E","CCNB2","CASP7","APH1A","LIPE","MYB","PRSS23","PIAS1","TNNC1","RAB14","IFIT3","MX1","CLDN19","LYPD3","NRP1","C1R","EXOSC4","NFKBIB","HK2","CENPE","SET","RRP9","FBN1","FPR1","CYP1A2","ACADM","SDHA","TPI1","SOD1","CCNG1","CDC5L","TFPI","LRPAP1","HMBS","MMP14","IL2RA","HSD3B7","ACSL1","IL12A","ZPBP","HBEGF","NOS1","NKX2-2"
"5","TNFAIP3","ALDOA","DHCR7","ALS2","DLL1","SMURF1","CSF2RB","POLR2J","CENPA","CFLAR","HES1","DGAT1","ANXA9","CA12","CAMKK2","TNNC2","ATP7A","IFI44","IFIT3","DLG1","PKHD1","SCG2","SERPINE1","HSP90B1","MAP2K6","PGK1","CKS2","SNRPA1","PES1","COL1A1","CCL20","GSTA3","ACOT8","UQCRC1","PFKP","GCLC","FAS","HSPA2","MMP16","STC1","GYPB","F10","TNFRSF4","HSD17B4","ECH1","CD3E","DPEP3","RBP4","PDE6B","PCSK1"
"6","PTGS2","ENO2","SQLE","ARF6","AXIN2","BMPR2","SOCS3","POLR2F","BIRC5","BIRC3","CCND1","LPL","IGFBP4","PDZK1","NKX3-1","MYH3","COPB1","IFI35","IFI35","TJP1","ATP6V0A4","AMOT","MMP14","XBP1","MAPK9","SLC7A5","DCLRE1B","RAN","TFB2M","FN1","IL1A","CYP2J2","ACOX1","NDUFA9","ERO1A","CAT","TOB1","POLR2H","ABCC1","LPL","ALAD","PLG","SOCS1","AKR1D1","ECI2","CD3D","ADAM2","HSD11B1","SIDT1","NKX6-1"
"7","CXCL1","PGM1","HMGCS1","MYO9B","PSEN2","SKIL","STAT3","POLR2C","CDC20","PMAIP1","FZD1","CPT2","SYBU","ANXA9","TMPRSS2","MYL11","LAMP2","IRF7","IRF7","COL17A1","CRYBG1","UNC5C","SERPING1","EXOSC9","AKT1","CTSC","DNMT1","SRSF2","EXOSC5","COL6A3","CXCL8","CYP27A1","ACSL1","NDUFS4","ALDOB","GPX4","GADD45A","ALAS1","MAP2K5","VEGFA","RHD","C1R","TNFRSF9","ABCD2","EHHADH","CD28","ACTL7B","ETV4","NTF3","SLC2A2"
"8","IER3","NDRG1","NSDHL","MYH9","FZD1","SKI","OSMR","POLR2K","PLK1","CASP8","PSEN2","CD36","NPY1R","CELSR2","APPBP2","TNNT3","EGFR","RSAD2","IFIT2","NECTIN1","SHROOM2","ADGRG1","CTSL","HSPA5","MAPK1","ACSL3","DONSON","G3BP1","IPO4","SERPINE1","CCL7","ADH1C","ALDH3A2","NDUFS1","VEGFA","MPO","PHLDA3","TUBA4A","AGGF1","PF4","GYPA","SERPINE1","XBP1","PEX1","GSTK1","LYN","GAPDHS","GLRX","SCN10A","SEC11A"
"9","CD83","HK2","LSS","TUBGCP3","NOTCH4","ACVR1","IL2RG","GTF2H3","TTK","JUN","FZD7","GPAM","PDZK1","TJP3","CENPN","TNNT2","IGF2R","IFI44L","OAS2","CLDN9","SRPX","HEY1","F5","ATF3","PLCG1","SLC1A5","EED","STARD7","NDUFAF4","COL1A2","CCL22","UGDH","MIX23","NDUFA2","MXI1","PRDX1","TAP1","C4BPB","PLCB4","THBD","SELENBP1","SERPING1","RRAGD","CYP8B1","HSD17B4","HCLS1","TUBA3C","DUSP6","TAS2R4","DCX"
"10","CCL20","ALDOC","MVD","CKAP5","LEF1","PMEPA1","IFNGR1","POLR2D","PRC1","BCL2L11","DTX1","ADIPOR2","NRIP1","PGR","BMPR1B","CASQ2","COPE","IFITM1","TAP1","CDH3","MDGA1","GLI1","MMP13","EXOSC1","TRIB3","M6PR","GINS1","NPM1","NOC4L","COL4A1","CXCL11","ASL","CPT2","NDUFS8","PKM","PRDX6","CDKN2B","CCNE1","MET","FGFR1","BLVRB","C2","HK2","PNPLA8","MLYCD","IL18","LDHC","SCG5","DTNB","SPCS1"
"11","CXCL3","GPI","LDLR","RACGAP1","AXIN1","NCOR2","TYK2","ERCC3","NDC80","MCL1","DLL1","ACAA2","MLPH","RET","MAF","ACTC1","PPT1","IFI27","EIF2AK2","CTNND1","TMEM8B","THY1","F7","EXOSC5","GSK3B","TFRC","GINS4","BUB3","MYC","COL4A2","CCR7","NQO1","CYP4A11","SDHB","HK2","GCLM","SFN","EPHX1","IRS1","TNFRSF21","GYPE","F12","PHLDA1","PHYH","PEX11A","CRTAM","DDX25","ETV5","HTR1D","FOXA2"
"12","MAFF","MXI1","TM7SF2","PREX1","NKD1","SERPINE1","IL13RA1","DDB2","KIF11","IL1B","FZD5","ETFB","HSPB8","MYB","FADS1","MYOM1","AP3S1","IRF9","RSAD2","CDH1","THY1","SLIT1","CTSS","ASNS","MAP2K3","DDIT3","H2AZ1","EIF3D","SRM","VCAN","EDN1","ALAS1","DECR1","NNT","LDHA","TXN","ZMAT3","GRPEL1","PTPRM","CCND2","GYPC","CFI","IL2RB","SLC27A5","RETSAT","IFNG","PRM2","ITGB2","MAST3","GCK"
"13","NFKB2","SLC2A1","ALDOC","ARHGEF3","WNT5B","JUNB","TLR2","POLR1C","NUSAP1","SPTAN1","MAML2","ACOX1","EGR3","TPBG","ZBTB10","MYL4","BET1","OASL","MX2","LIMA1","PCSK9","CDK6","LGMN","ARFGAP1","CDKN1A","TMEM97","LIG1","XPO1","PA2G4","IGFBP3","CD40","GSTM4","ECH1","ATP5PO","EXT1","SOD2","DDB2","ICAM1","AKT3","COL5A2","EPB42","MMP2","CTLA4","CYP7B1","SLC27A2","CD3G","TCP11","AKT2","SLC6A3","MAFB"
"14","TNFAIP2","P4HA1","EBP","NUMA1","CUL1","SMAD1","IFNGR2","XPC","CKS2","DIABLO","NOTCH1","ACADM","KRT19","EGR3","HMGCR","MYBPH","CLCN3","EIF2AK2","IRF1","VCL","EPHB4","HEY2","PLG","WFS1","RAC1","IFRD1","MAD2L1","FBL","GNL3","TGFBI","CXCL9","CYP2C18","ECI1","ATP5MC3","SLC25A10","PRDX4","EI24","FEN1","SIPA1L1","ITGAV","SLC4A1","C3","NFIL3","CYP27A1","PEX13","CD86","PIAS2","PPBP","CLDN8","INS"
"15","HBEGF","ADM","SCD","SPTBN1","JAG1","SMAD6","IL10RB","PCNA","KIF2C","BAX","PSENEN","HADH","LRIG1","ARL3","SPCS3","MYH7","AP2S1","IFIT2","OAS3","SHROOM2","DCBLD2","NRP2","C1QA","SRPRB","RIPK1","PLOD2","MCM2","EIF4A1","NOLC1","SPARC","IL6","PTS","ELOVL5","NDUFS7","GUSB","SELENOS","PERP","ARRB2","NR1D2","SERPINA5","RHCE","F9","CD83","PEX26","PEX14","IL10","PAPOLB","G0S2","TGM1","PDX1"
"16","KLF6","P4HA2","PMVK","KIF2C","MAML1","PPP1R15A","IL6","POLR2I","MKI67","BIK","WNT5A","IDH1","KDM4B","OLFM1","INSIG1","MYH8","CLTC","CXCL10","TNFSF10","NECTIN3","GHRL","TLE3","CASP1","DNAJB9","AKT1S1","TUBA4A","MCM4","CANX","WDR43","LUM","IL1B","CYB5A","FABP1","ATP5F1A","PFKFB1","PDLIM1","DDIT4","JUNB","ATRN","KCNJ8","RHAG","CTSO","IKZF2","AGXT","SCP2","UBE2N","OAZ3","GABRA3","PCDHB1","ABCC8"
"17","BIRC3","ENO1","MVK","KIF5B","KAT2A","TGIF1","IL1R2","SUPT4H1","AURKB","IL1A","CUL1","SORBS1","PGR","NPY1R","NGLY1","ACTN2","AP2M1","TAP1","IRF9","NECTIN2","LYN","TLE1","GZMA","TSPYL2","ACTR2","PSAT1","MCM5","NAP1L1","RABEPK","LAMC1","TLR2","ACOX2","FABP2","NDUFV1","PGAM1","TXNRD2","ATF3","CTSV","ANXA2","APP","TAL1","TMPRSS6","IL10","PEX7","HSD3B7","BCL10","PHF7","IRF8","THRB","IAPP"
"18","PLAUR","PFKP","LPL","TTK","GNAI1","FURIN","IL3RA","POLD3","TPX2","BID","WNT2","ACADS","RHOBTB3","SCNN1A","UBE2J1","TNNI1","RER1","SP110","CXCL10","CLDN14","GAS1","L1CAM","ADAM9","NFYA","PRKAR2A","CORO1A","MCM7","CBX3","NOP16","LOX","IL1R1","EPHX1","HADH","COX5B","PYGB","LAMTOR5","BAX","DGAT1","ADD3","JAG1","MARCHF8","MMP9","TNFRSF18","CROT","GNPAT","CD4","ODF1","BIRC3","YPEL1","SRP9"
"19","ZFP36","AK4","SC5D","APC","WNT6","SMAD3","IFNAR1","POLR3GL","SMC4","CDKN1A","DTX4","UCK1","TPD52L1","XBP1","ELK4","CRYAB","KIF1B","DDX60","IFI44","PTPRC","FLOT2","PLG","CALM3","CALR","YWHAB","LDHA","MELK","CCT3","TBRG4","LAMC2","CD69","LCAT","HIBCH","UQCRH","AK4","G6PD","SESN1","ATF3","CDKN1B","COL3A1","SPTB","PROZ","DHRS3","CYP39A1","ABCD2","LCK","ACRBP","FGF9","RYR2","NEUROG3"
"20","ICAM1","FAM162A","FADS2","CEP250","PTCH1","FKBP1A","TNFRSF1A","POLR3C","BUB1","GADD45A","SAP30","SCP2","ELOVL2","AREG","ABCC4","SGCG","ARF1","UBE2L6","BST2","THY1","PLAUR","NKX6-1","C1QC","KHSRP","HRAS","MTHFD2","MMS22L","C1QBP","DDX18","CCN2","ICAM1","SLC35D1","HMGCL","NDUFA1","P4HA1","MSRA","FDXR","CASP3","ATXN1","SPP1","UROD","MMP1","ECM1","ABCA3","SLC25A17","NCK1","YBX2","DCBLD2","GDNF","FOXO1"
"21","JUN","PFKFB3","HMGCR","PAFAH1B1","NCOR2","MAP3K7","MYD88","GTF2B","CENPF","DDIT3","PPARD","DECR1","RET","IL17RB","ELOVL5","HRC","OCRL","USP18","XAF1","VASP","AKAP7","NF1","TIMP1","DNAJC3","PDK1","FADS2","NAA38","U2AF1","NIP7","TAGLN","CCRL2","GSS","HSD17B11","ATP5F1C","PMM2","MBP","PIDD1","RASGRP1","CAP2","NRP1","HBQ1","CFB","ADAM19","CYP7A1","PEX2","C2","CSNK2A2","INHBA","CAMK1D","AKT3"
"22","EGR3","VEGFA","HSD17B7","CDC42EP2","DKK4","BMPR1A","ACVR1B","POLR1D","RACGAP1","CDKN1B","KAT2A","CDKN2C","TPBG","NRIP1","ALDH1A3","TNNT1","ICA1","PSMB8","SP110","ITGB1","ATP8B1","RASA1","DPP4","EXOSC2","PIKFYVE","VLDLR","NASP","UBE2L3","WDR74","COL7A1","AQP9","FMO3","IDH1","ATP5F1B","FAM162A","SRXN1","SAT1","TMBIM6","PRDM2","OLR1","DCAF11","BMP1","SLC2A3","HACL1","ACAA1","HLA-A","NAA11","TFPI","AMBN","GCG"
"23","IL1B","BNIP3L","ANXA13","KIF3B","HDAC2","CTNNB1","CSF3R","NCBP2","CENPE","TNF","HEYL","TALDO1","TFF1","ASS1","TARP","DES","MON2","IFIH1","OASL","ZYX","EFNA5","ETS2","KLK1","NOP14","TBK1","WARS1","NUDT21","SSBP1","BYSL","LOXL2","EREG","IDH1","ME1","COX7B","SDC1","NQO1","CDKN2A","FOS","TOGARAM1","PDGFA","ERMAP","VWF","HIPK2","PIPOX","HAO2","ITGB2","TULP2","TSPAN1","LFNG","DPP4"
"24","BCL2A1","TPI1","SREBF2","CCDC88A","DKK1","HIPK2","ITGB3","NELFE","KIF23","GSN","SKP1","TST","MAPT","TFF3","AZGP1","MYOZ1","ARFGEF2","BST2","PSMB8","ACTN4","SLC34A3","RTN1","KLKB1","ATF6","ACTR3","SCD","NUP205","SRSF1","HSPD1","COL6A2","C3AR1","AKR1C3","MGLL","SDHD","EGLN3","OXSR1","AEN","TAP1","SDC2","PTK2","EIF2AK1","FGA","BATF3","PEX6","HSD17B11","HLA-DQA1","ADAD1","ADAM8","SERPINA10","PAX4"
"25","PPP1R15A","ERO1A","PCYT2","KIF15","TCF7","KLF10","REG1A","GTF2F1","UBE2C","TNFSF10","RBX1","MCCC1","SCNN1A","FKBP4","ABHD2","RYR1","TMED2","LGALS3BP","IFI44L","CLDN4","APP","CRMP1","CD59","HYOU1","E2F1","P4HA1","ORC6","TCP1","PLK4","ITGAV","GNA15","SLC22A1","MLYCD","CYCS","PC","GLRX2","PPM1D","E2F5","SMAD3","SLCO2A1","CPOX","F11","BHLHE40","SOD1","CRAT","CD1D","SYCP1","SLPI","ALOX12B","SYT13"
"26","ZC3H12A","KDM3A","ACSS2","BIRC5","WNT1","BMP2","CXCL1","ERCC5","MCM6","CASP6","TCF7L2","PGM1","ABAT","SLC27A2","SAT1","CSRP3","NAPG","ADAR","IFITM3","CADM3","GSTM3","MYH9","CR2","RRP9","MYD88","ACTR2","PCNA","MCM2","NOP2","THBS2","CMKLR1","GSTO1","PCBD1","NDUFA6","B4GALT7","HMOX2","FOXO3","RAB27A","SLC7A1","PGLYRP1","MPP1","THBD","PTGER2","GNPAT","PEX11B","CD80","DDX4","PRKG2","CALCB","SCGN"
"27","SOD2","CCNG2","ATF3","CNTROB","NUMB","ENG","A2M","LIG1","MCM3","SQSTM1","ARRB1","REEP5","FLNB","SEMA3B","DBI","ADAM12","TMX1","ISG20","DDX60","ITGA3","HSPB1","VEGFA","MMP15","NOP56","ITPR2","IDH1","PLK4","EIF3B","PPAN","COL16A1","PTGER4","ARG1","RETSAT","NDUFAB1","FBP2","FES","BTG1","CCND3","GCNT1","VAV2","GLRX5","FURIN","DENND5A","HSD3B1","LONP2","HLA-DRA","MLF1","MMP11","FGGY","HNF1A"
"28","NR4A2","LDHA","ADH4","NF1","ADAM17","APC","CSF2RA","ERCC1","PTTG1","FASLG","LFNG","BCL2L13","XBP1","GPER1","DHCR24","ATP2A1","PAM","GBP2","LGALS3BP","NF2","SLC2A4","CELSR1","LAP3","CXXC1","SQSTM1","SLC2A1","POLE","PSMD14","NOP56","NNMT","LIF","CDO1","S100A10","COX8A","IGFBP3","PFKP","TXNIP","SLC25A4","RUNX1","S100A4","TSPAN5","MMP11","ITIH5","ABCA2","IDH1","THY1","TEKT2","MMP10","SPRR3","STXBP1"
"29","IL1A","GYS1","ETHE1","TSC1","DVL2","PPM1A","IL15RA","ERCC4","CDK1","EGR3","PRKCA","SLC25A10","CELSR2","LLGL2","SORD","CKM","SCAMP1","IRF1","GBP4","B4GALT1","IL2RB","CNTFR","SPOCK2","IGFBP1","RPS6KA1","GBE1","PRIM2","SNRPA","RCL1","TPM1","IL15","FMO1","SUCLG1","ACO2","CHPF","NDUFB4","SLC19A2","SPR","RND3","MSX1","OSBP2","F8","PHTF2","HAO1","FIS1","TLR1","SPATA6","TMEM158","ATP6V1B1","CHGA"
"30","RELB","GAPDH","ECH1","CDC27","PPARD","XIAP","IRF9","POLD4","KIF4A","CD44","DTX2","ME1","RAB31","AGR2","STK39","SVIL","SH3GL2","PLSCR1","IRF8","NEXN","RTN4RL1","ACHE","F10","CNOT4","PTPN11","SERPINH1","RAD51AP1","PWP1","NPM1","CDH2","NAMPT","ALDH9A1","VNN1","ATP5MC1","B3GAT3","GPX3","IER3","CDKN2B","PLPP3","VTN","ANK1","LGMN","GADD45B","PEX16","PEX6","HLA-G","PGK2","TNFAIP3","EDN1","VDR"
"31","TRAF1","BHLHE40","CBS","CNTRL","NCSTN","CDH1","PDGFC","NELFB","ESPL1","FAS","ST3GAL6","PHYH","MYBL1","KRT19","TPD52","MYOM2","RAB2A","PSMB9","PSMB9","CDH6","NCOA6","PML","CTSB","DCP2","MAPKAP1","NUPR1","RFC2","APEX1","AIMP2","MMP2","OPRK1","POR","EHHADH","CYC1","CHST12","SCAF4","TP53","SHOX2","NR3C1","TIMP1","NFE2","HPN","NRP1","ABCD1","ABCB4","HLA-DMB","HSPA2","PRDM1","UPK3B","PCSK2"
"32","BTG2","ANGPTL4","GUSB","TUBGCP5","HDAC5","ID1","HAX1","RFC2","MAD2L1","IL18","FBXW11","PIM3","MREG","CCN5","IDI1","MYL6B","COG2","HERC6","PML","ADAM15","SULF2","CDK5R1","SERPINA1","PDIA6","PLCB1","PSMG1","RPA2","TXNL4A","RRP12","COL11A1","ITGB8","NDRG2","ALDH9A1","NDUFB6","HS2ST1","CDKN2D","NOTCH1","OLFM1","YTHDC1","APOH","AHSP","CTSB","NCOA3","ACSL1","SOD1","IL7","ACRV1","GALNT3","GAMT","INSM1"
"33","DUSP1","JUN","FASN","KIF4A","CCND2","LEFTY2","BAK1","ELL","NEK2","IGFBP6","Havenogene","YWHAG","FAM102A","BLVRB","B2M","TPM2","VAMP3","SAMD9","IFIH1","PTK2","ADAM10","VLDLR","CTSO","ATP6V0D1","RAF1","PSPH","RPA3","HNRNPR","PPRC1","THBS1","PTAFR","UPB1","HADHB","ATP5F1E","MPI","MGST1","RRAD","IGFBP2","PPARG","PRG2","SPTA1","MBL2","CD79B","MLYCD","ABCB1","IL4","CLPB","ETS1","PRODH","SST"
"34","MAP3K8","SERPINE1","LGALS3","MAPRE1","FRAT1","CDKN1C","EBI3","TAF10","KIF22","PRF1","Havenogene","NDUFAB1","MSMB","FLNB","MAP7","MYL2","ERGIC3","CMPK2","UBE2L6","HADH","BRCA1","OPHN1","CD40LG","PREB","CAMK4","NAMPT","SUV39H1","PSMB2","TCOF1","FAP","ADM","ECH1","ECHS1","COX5A","GNPDA1","ABCC1","DCXR","LYN","ADGRL2","JAG2","MAP2K3","F13B","AHR","ABCG8","ISOC1","TNF","CRISP2","MMP9","RYR1","ELP4"
"35","ETS2","LOX","ATF5","FGD6","CSNK1E","TRIM33","INHBE","RRM2B","HMMR","DAP","Havenogene","GPD2","STC2","PDCD4","DNAJB9","CKMT2","DOP1A","IFITM3","IFI27","LAMB3","GATA3","LDB1","CBLB","SEC31A","RPTOR","CDKN1A","TMPO","HPRT1","MCM5","BGN","PLAUR","PTGES","ACADS","UQCRC2","AKR1A1","FTL","NINJ1","CLTB","DLG1","LUM","BNIP3L","TIMP1","TNFRSF1B","AQP9","YWHAH","CD247","ZC2HC1C","WNT7A","GPR19","SRPRB"
"36","F3","GCK","ANXA5","BRCA2","RBPJ","RAB31","CRLF2","SUPT5H","KPNA2","CCND1","Havenogene","ADIG","RETREG1","CALCR","FKBP5","BIN1","VAMP4","RTP4","ADAR","CLDN11","AFAP1L2","DPYSL2","PDP1","GOSR2","CFL1","BHLHE40","UBE2T","MCM6","HK2","SERPINH1","NFKB1","PDK4","CA2","COX6A1","PPFIA4","ATOX1","FOS","BCL2L11","ATP2B4","CXCL6","SLC22A4","CTSV","NDRG1","ISOC1","EPHX2","IL2","AKAP4","IGFBP3","SLC29A3","PAK3"
"37","SDC4","PPFIA4","TP53INP1","PLK1","FZD8","TJP1","TNFRSF1B","RPA3","CDKN3","BTG3","Havenogene","ECHS1","SIAH2","IGFBP4","HERC3","MYH1","VPS4B","STAT2","LY6E","CDH4","IL2RG","Havenogene","C4BPB","SERP1","CDK4","HSPA9","WDR90","NME1","CBX3","FSTL1","INHBA","AHCY","HSD17B10","ATP5F1D","B3GAT1","STK25","S100A10","LHX2","NIPBL","Havenogene","CLIC2","MMP8","BCL2L1","NR1H4","ABCD1","HLA-DMA","CCNA1","SPP1","EDN2","G6PC2"
"38","EGR1","MAFF","CHKA","RASA1","TP53","SLC20A1","CD14","SNAPC5","CDC25A","F2R","Havenogene","QDPR","ZNF185","DNAJC12","PGM3","ENO3","NAPA","SAMD9L","STAT2","IRS1","CD160","Havenogene","PLEK","NFYB","TRAF2","HSPA5","CDK1","SNRPD1","PLK1","POSTN","OSM","COMT","ALDH1A1","COX6C","CHPF2","EGLN2","FBXW7","NFKBIA","PEX14","Havenogene","TRAK2","A2M","GABARAPL1","PEX19","HMGCL","STAT1","CCT6B","ETV1","GPRC5C","PKLR"
"39","IL6","DDIT4","GSTM2","NEK2","SKP2","CDK9","PTPN1","SSRP1","H2AX","SATB1","Havenogene","CS","SLC19A2","TIAM1","HOMER2","FLII","GNAS","LY6E","CXCL9","SORBS3","ADIPOR2","Havenogene","GP9","NHP2","GNGT1","EGLN3","MCM3","EEF1B2","PHB1","THY1","TNFSF10","AOX1","ACADVL","ATP5PF","G6PD","ERCC2","PLK3","MSX1","MYC","Havenogene","GCLC","MMP10","LIF","NPC1","ACSL5","IRF4","PACRG","CLEC4A","C5","LMO2"
"40","TNF","SLC2A3","ACAT2","WASF1","HEY2","ID3","PTPN2","RFC3","CDC25B","BNIP3L","Havenogene","ECH1","SLC1A4","TSPAN13","ELL2","FXYD1","STX7","IFITM2","IL10RA","CLDN8","SLC22A12","Havenogene","PLAUR","DCTN1","UBE2N","LGMN","TOP2A","HSPD1","MCM4","SPP1","TNFSF15","CFB","HSD17B4","NDUFB3","MDH2","SBNO2","XPC","H2AX","RASA2","Havenogene","KEL","MASP2","TIAM1","HSD17B11","ALDH9A1","SRGN","GSG1","CCND2","ZC2HC1C","SRP14"
"41","KDM6B","IGFBP3","AVPR1A","TOP2A","HEY1","NOG","IL1B","RPA2","PLK4","CASP4","Havenogene","SLC25A1","FHL2","CXCL12","UAP1","TPM3","SEC22B","HELZ2","PLA2G4A","EVL","NTNG1","Havenogene","C3","SLC7A5","ADCY2","PNP","MCM6","CAD","CDK4","TNC","IFNGR2","DDAH2","CA4","IDH3B","CHST6","JUNB","AK1","NR4A1","FZD2","Havenogene","RANBP10","FGG","BMPR2","AMACR","DHCR24","INHBA","THEG","TSPAN7","EDAR","Havenogene"
"42","NFKB1","NFIL3","PLSCR1","TRIO","HDAC11","ARID4B","CSF1","ELOA","CDC6","TNFRSF12A","Havenogene","ACADL","BCL2","RAB31","SEC24D","DMD","VPS45","CXCL11","TRIM21","CLDN15","SCUBE1","Havenogene","F2","SSR1","CDKN1B","XBP1","BIRC5","RPL18","DUSP2","TFPI2","ADGRE1","HGFAC","ADH1C","OGDH","PGLS","PTPA","TRIAP1","GLS","BMPR1A","Havenogene","TRIM10","C8A","MAP3K8","CYP46A1","ELOVL5","TLR3","HSPA4L","ITGBL1","KCNMB1","Havenogene"
"43","LIF","FOS","CLU","ARHGEF11","Havenogene","IFNGR2","IL18R1","TAF12","CCNF","CREBBP","Havenogene","TOB1","PMAIP1","PKP3","LMAN1","IGFBP3","STX16","TRIM21","USP18","THBS3","CX3CL1","Havenogene","CASP4","EDEM1","VAV3","SLA","CCNB2","PGK1","MYBBP1A","NID2","IL12B","F11","ADH7","NDUFB8","PGAM2","LSP1","BAK1","CDC34","LPAR1","Havenogene","TSPO2","PLAU","RHOB","PEX13","NUDT19","ZAP70","CST8","EMP1","TENT5C","Havenogene"
"44","PTX3","RBPJ","ERRFI1","KATNB1","Havenogene","ID2","TNF","NELFCD","MCM5","RHOB","Havenogene","GRPEL1","AREG","CYP26B1","PMEPA1","CHRNB1","YKT6","PARP14","PTGS2","NECTIN4","CROCC","Havenogene","STX4","EDC4","FGF6","DDX39A","RRM2","DDX18","UTP20","ITGB5","CSF1","CYP26A1","PTS","SURF1","CHST1","NDUFA6","CCND2","MMP14","PRKCA","Havenogene","UROS","ADAM9","MYC","IDH1","PRDX5","CD74","DCC","CDADC1","STAG3","Havenogene"
"45","FOSL1","HK1","TRIB3","PRC1","Havenogene","PPP1CA","PF4","TAF13","LMNB1","GPX3","Havenogene","CRAT","OVOL2","FKBP5","INPP4B","SPEG","SNX2","TRIM26","EPSTI1","JAM3","Havenogene","Havenogene","CTSC","EIF2AK3","ECSIT","HSPE1","HMGB2","RPS2","PRMT3","MMP3","CXCL6","MCCC2","MAOA","COX6B1","GPC1","HHEX","APAF1","STK25","MGMT","Havenogene","XK","GSN","S100A1","PEX11A","CTPS1","CD40","HSPA1L","KIF5C","KRT4","Havenogene"
"46","NR4A1","CITED2","CXCL16","ANLN","Havenogene","SPTBN1","CXCL13","TAF6","E2F3","PDGFRB","Havenogene","GBE1","TSKU","SIAH2","RRP12","FHL1","ARFGEF1","PARP12","C1S","CDH11","Havenogene","Havenogene","USP15","MTHFD2","RALB","ACLY","BUB1B","LDHA","FARSA","VIM","TNFRSF9","SERPINA6","HAO2","NDUFB5","GFUS","GLRX","PDGFA","PDAP1","PRKCE","Havenogene","SNCA","CAPN2","ETFBKMT","HSD17B6","IDE","TRAF2","GSTM3","TRIB2","SLC25A23","Havenogene"
"47","JAG1","ISG20","TNFRSF12A","CDK5RAP2","Havenogene","WWTR1","LTBR","TAF9","KIF15","TSPO","Havenogene","CAVIN2","ADCY9","ISG20","SELENOP","ACTN3","CLTA","NMI","RIGI","ITGB4","Havenogene","Havenogene","CR1","SRPRA","ARF1","SLC7A11","RFC3","RUVBL2","MAP3K6","LOXL1","LYN","GNMT","HSD17B7","NDUFA4","ALG1","NDUFS2","NDRG1","ABCB1","RXRA","Havenogene","MARK3","PLAT","CAPG","EPHX2","SLC23A2","B2M","DNAJB8","SDCCAG8","INSL5","Havenogene"
"48","CCL4","GALK1","ACTG1","SMC3","Havenogene","BCAR3","FAS","GTF2A2","CHEK1","CCND2","Havenogene","SCARB1","RASGRP1","TMPRSS3","NDRG1","TCAP","CLN5","RNF31","IL15","RASA1","Havenogene","Havenogene","DUSP6","NOLC1","MKNK1","SSR1","EZH2","RNPS1","LAS1L","FBLN5","ACVR2A","BLVRB","MCEE","NDUFB1","GFPT1","PRNP","RALGDS","BSG","LTBP1","Havenogene","UBAC1","FN1","ST3GAL4","PRDX5","PEX5","BCL3","IL13RA2","PCP4","GP1BA","Havenogene"
"49","GCH1","WSB1","JAG1","TUBGCP2","Havenogene","THBS1","IL17RA","VPS37D","UBE2S","XIAP","Havenogene","PEMT","MUC1","SERPINA3","KRT19","MYLK","M6PR","HLA-C","NLRC5","AKT2","Havenogene","Havenogene","SERPINB2","ERN1","CDK1","GLA","CHEK1","EIF2S1","PUS1","COL12A1","LDLR","HACL1","ACAT2","COX4I1","PRPS1","IPCEF1","SERPINB5","SELENOW","LDLR","Havenogene","CA1","CTSH","PENK","PXMP2","BCL10","LTB","CAMK4","CFHR2","KMT2D","Havenogene"
"50","CCL2","PYGM","LGMN","ESPL1","Havenogene","FNTA","CXCL10","NME1","NSD2","TIMP1","Havenogene","CHCHD10","KAZN","WFS1","ITGAV","MYL3","SGMS1","CASP1","NMI","TMEM8B","Havenogene","Havenogene","GPD2","FKBP14","PTEN","SQSTM1","SMC4","RANBP1","HSPE1","ELN","BDKRB1","MAOA","AUH","COX7C","GOT1","Havenogene","DGKA","IRF1","RBPMS","Havenogene","CA2","OLR1","IRF4","BBOX1","NR1I2","IFNGR1","LPIN1","ALDH1A2","ABCG4","Havenogene"
"51","RCAN1","STC1","FBXO6","MAP1S","Havenogene","HDAC1","IL9R","RNMT","HMGB3","CTNNB1","Havenogene","AK2","SLC27A2","MAPT","B4GALT1","PYGM","USO1","TRIM14","IDO1","LAMA3","Havenogene","Havenogene","CFH","ZBTB17","ARHGDIA","PDK1","MKI67","MCM5","SLC29A2","CDH11","HRH1","KYNU","HPGD","UQCRFS1","MDH1","Havenogene","CYFIP2","RXRB","CACNA1A","Havenogene","BSG","SPARC","CST7","FADS2","TSPO","CCR5","ZC3H14","NR0B2","MYH7","Havenogene"
"52","DUSP2","ZNF292","GPX8","ARHGAP27","Havenogene","UBE2D3","STAM2","ERCC2","DBF4","IRF1","Havenogene","APOE","FKBP4","PDLIM3","MAK","LDB3","TSG101","TDRD7","PSMB10","RSU1","Havenogene","Havenogene","FN1","WIPI1","GRK2","PSMC2","CDC20","IARS1","DCTPP1","COMP","F3","DHPS","FH","SDHC","SLC35A3","Havenogene","KLF4","TFRC","RGS4","Havenogene","FOXO3","RGN","WLS","ALDH9A1","CNBP","CD40LG","COIL","ALDH1A3","BRDT","Havenogene"
"53","EHD1","BTG1","PNRC1","DOCK4","Havenogene","LTBP2","TNFRSF12A","POLE4","TACC3","HSPB1","Havenogene","UQCR10","CXCL12","RBBP8","SPDEF","COX6A2","DNM1L","DHX58","CXCL11","ICAM1","Havenogene","Havenogene","CD36","YIF1A","FGF17","PRDX1","PLK1","UBE2E1","SUPV3L1","SPOCK1","BST2","SERPINE1","HMGCS2","ATP6V1F","GALK1","Havenogene","IP6K2","PPIF","COL5A2","Havenogene","KLF1","C8B","TLR7","APOA1","MSH2","HLA-DOA","PHKG2","AMMECR1","PTGFR","Havenogene"
"54","IER2","PLIN2","ANTXR2","SAC3D1","Havenogene","RHOA","STAT2","VPS37B","MCM2","ADD1","Havenogene","TANK","TMPRSS3","GJB3","GSR","FABP3","LMAN1","PARP9","ITGB7","CLDN18","Havenogene","Havenogene","CA2","CCL2","DDIT3","SERP1","KIF2C","MYC","SORD","BMP1","PTGIR","SLC6A12","ALAD","COX7A2","EGFR","Havenogene","ADA","CDKN1C","PTPN21","Havenogene","CDC27","LAMP2","IKZF4","OPTN","DHRS3","GLMN","KIF2C","SATB1","KCNN1","Havenogene"
"55","REL","CSRP2","MAL2","INCENP","Havenogene","Havenogene","HMOX1","NT5C3A","CDKN2C","TIMP2","Havenogene","ANGPTL4","RARA","PRLR","KRT8","MYL7","YIPF6","PNPT1","SAMHD1","GTF2F1","Havenogene","Havenogene","PSMB9","DKC1","IRAK4","TRIB3","DLGAP5","AP3S1","IMP4","IL32","CD55","GCH1","GPD1","SUCLG1","ANGPTL4","Havenogene","TNFSF9","HLA-F","PRKAR2B","Havenogene","KAT2B","C9","GBP4","GSTK1","DIO1","IL6","RPL39L","GUCY1A1","SELENOP","Havenogene"
"56","CFLAR","VLDLR","CD9","ARHGAP5","Havenogene","Havenogene","LEPR","SNAPC4","CDKN1B","BTG2","Havenogene","ACO2","IL17RB","SLC1A4","LIFR","ITGB5","ARFIP1","TRIM25","HERC6","TSC1","Havenogene","Havenogene","APOBEC3G","EIF4EBP1","TIAM1","NFIL3","AURKB","RFC4","GRWD1","LAMA3","CALCRL","DHRS7","ACO2","NDUFS6","CITED2","Havenogene","KLK8","CREG1","GJA1","Havenogene","NARF","PROS1","RGS16","ABCG4","SLC25A4","HLA-E","SLC2A5","CSF2","IFI44L","Havenogene"
"57","RIPK2","JMJD6","PPARG","GSN","Havenogene","Havenogene","CBL","AAAS","FANCC","TIMP3","Havenogene","FAH","CBFA2T3","FOS","PLPP1","CHRNA1","ANP32E","PSME1","CMPK2","LAMC2","Havenogene","Havenogene","FCN1","EIF4A1","CDK2","HMGCS1","CDC25A","DUT","UNG","TIMP1","CSF3","PAPSS2","CBR1","NDUFA7","PLOD2","Havenogene","PRKAB1","APOM","BCKDHB","Havenogene","GCLM","CLU","SPP1","ALDH8A1","PRDX1","CD2","PCSK4","APOD","PROP1","Havenogene"
"58","NFKBIE","EXT1","GLDC","NET1","Havenogene","Havenogene","CD9","POLR1H","NASP","LEF1","Havenogene","ACLY","TFF3","PLAAT3","STEAP4","SSPN","TSPAN8","WARS1","SAMD9L","NRAP","Havenogene","Havenogene","GZMK","EIF2S1","SFN","GOT1","TRIP13","PSMA4","MPHOSPH10","QSOX1","GPR132","ALDH2","GRHPR","FH","QSOX1","Havenogene","STOM","BMP2","DMAC2L","Havenogene","FBXO7","F2RL2","IL13","NR3C2","IDI1","CCL5","AURKA","TOR1AIP2","LGALS7","Havenogene"
"59","NR4A3","F3","STX5","LRPPRC","Havenogene","Havenogene","CXCL3","RFC4","STAG1","CASP1","Havenogene","IFNGR1","UGCG","SLC7A5","GUCY1A1","COL3A1","DST","EPSTI1","RTP4","CTNNA1","Havenogene","Havenogene","PDGFB","TATDN2","PRKCB","TPI1","H2AX","RPS3","Havenogene","TIMP3","IL4R","HSD11B1","ACOT2","NDUFV2","ME2","Havenogene","SOCS1","TGFBRAP1","SERPINE1","Havenogene","H1-0","CD9","SLC29A2","ABCA6","HRAS","FAS","MLLT10","CMKLR1","BMPR1B","Havenogene"
"60","PHLDA1","PDK3","STARD4","RABGAP1","Havenogene","Havenogene","TGFB1","ITPA","GINS2","GPX1","Havenogene","SLC5A6","CCND1","SERPINA5","SRP19","KCNH1","SCRN1","UBA7","PTPN2","CD99","Havenogene","Havenogene","CLU","XPOT","GNA14","ELOVL6","HMMR","SNRPG","Havenogene","VCAM1","NLRP3","SLC35B1","G0S2","OXA1L","SPAG4","Havenogene","PLK2","NAT1","AMPH","Havenogene","HEBP1","CFH","NFKBIZ","RETSAT","MVP","FASLG","NOS1","TMEM176B","PDK2","Havenogene"
"61","IER5","ANKZF1","CTNNB1","FLNB","Havenogene","Havenogene","MAP3K8","POM121","FBXO5","BCL10","Havenogene","JAGN1","SLC22A5","IMPA2","CCND3","GJA5","SEC31A","PSME2","PARP14","FSCN1","Havenogene","Havenogene","CASP10","LSM4","EIF4E","ASNS","E2F8","PHB2","Havenogene","CCN1","IL15RA","KARS1","MDH2","NDUFC1","P4HA2","Havenogene","CASP1","CYB5R1","MIOS","Havenogene","HBD","PREP","IL4R","FADS1","ABCC8","TLR6","ART3","ADGRA2","DCC","Havenogene"
"62","TNFSF9","UGP2","TMEM97","ARAP3","Havenogene","Havenogene","ITGA4","BRF2","POLQ","IGF2R","Havenogene","EPHX2","WFS1","DHCR7","IQGAP2","MYF6","VAMP7","B2M","TNFAIP2","COL16A1","Havenogene","Havenogene","LRP1","CHAC1","CLTC","PSMD14","BRCA1","SSB","Havenogene","EDIL3","ADORA2B","CA2","HSP90AA1","UQCR11","GAPDHS","Havenogene","RCHY1","RRAD","CITED2","Havenogene","NUDT4","LTA4H","MXD1","PECR","CLN6","PF4","CCNB2","LAPTM5","SNCB","Havenogene"
"63","GEM","ALDOB","NIBAN1","FGD4","Havenogene","Havenogene","CD38","RFC5","EZH2","CDC25B","Havenogene","IDH3G","PTGES","MYOF","RAB4A","MYH2","SCAMP3","TRIM5","IFITM2","GNAI2","Havenogene","Havenogene","CTSD","STC2","TSC2","PSMA4","MYBL2","EIF4H","Havenogene","CALD1","GCH1","LPIN2","BCKDHB","NDUFA5","ENO2","Havenogene","PCNA","POLE3","COL1A2","Havenogene","FBXO9","GP9","CSF2","PEX12","CAT","TGFB2","NPHP1","CD37","COL2A1","Havenogene"
"64","GADD45A","STC2","PDK3","ABR","Havenogene","Havenogene","JUN","SAC3D1","RAD21","AIFM3","Havenogene","GPX3","WWC1","CDH1","SLC26A2","MAPK12","AP2B1","C1S","PLSCR1","TGFBI","Havenogene","Havenogene","S100A9","PDIA5","FGF22","PPA1","POLD1","SRSF3","Havenogene","MAGEE1","OLR1","CAT","UROS","CS","GOT2","Havenogene","RPS27L","IL6","INSIG1","Havenogene","RAD23A","DUSP14","FAH","CAT","ACSL4","CD79A","CLGN","CAB39L","UGT2B17","Havenogene"
"65","CXCL10","ERRFI1","PLAUR","CENPJ","Havenogene","Havenogene","SOCS1","CLP1","STMN1","CD38","Havenogene","ELMOD3","CCN5","EMP2","SMS","PGAM2","RAB22A","LAP3","SOCS1","PALS1","Havenogene","Havenogene","WAS","NABP1","PPP1CA","HPRT1","RACGAP1","CCT4","Havenogene","FBLN1","PTGER2","CYP2S1","YWHAH","ATP6V1G1","EXT2","Havenogene","RB1","YKT6","FYN","Havenogene","CROCCP2","CTSK","CTSZ","GNMT","IDH2","INHBB","MAST2","CIDEA","NPY4R","Havenogene"
"66","PLK2","ENO3","SEMA3B","NCK1","Havenogene","Havenogene","ACVRL1","NME4","SUV39H1","PPP3R1","Havenogene","ORM1","MYC","OVOL2","ZMIZ1","MYOG","AP3B1","LAMP3","CASP1","JUP","Havenogene","Havenogene","BRPF3","LSM1","DUSP3","AURKA","CKS1B","TFDP1","Havenogene","SGCB","CSF3R","RAP1GAP","LDHA","ATP5PB","SLC25A13","Havenogene","PPP1R15A","ACAA1","WDR37","Havenogene","TMCC2","GDA","ITGAE","ABCA9","ABCC5","ELANE","MTOR","ZNF639","DLK2","Havenogene"
"67","BHLHE40","PNRC1","GNAI1","CENPF","Havenogene","Havenogene","PIM1","PRIM1","PRIM2","HGF","Havenogene","RETSAT","ITPK1","DLG5","SGK1","MYH4","TPD52","GBP4","ICAM1","ACTN2","Havenogene","Havenogene","PLAT","SDAD1","HSP90B1","HMGCR","KPNA2","EIF2S2","Havenogene","ECM1","MYC","FBP1","CRYZ","HCCS","HMMR","Havenogene","POLH","CLCN2","ZMIZ1","Havenogene","BLVRA","CASP9","MUC1","ACSL5","SOD2","SPI1","CDKN3","IL1B","WNT16","Havenogene"
"68","EGR2","HMOX1","ABCA2","KIF20B","Havenogene","Havenogene","TNFRSF21","VPS28","E2F1","CLU","Havenogene","ESRRA","TMEM164","SOX3","MERTK","AEBP1","ATP6V1H","NCOA7","WARS1","INSIG1","Havenogene","Havenogene","CDA","EIF4A2","IL4","GAPDH","MSH2","CDK4","Havenogene","LAMA2","RELA","RBP4","RDH16","HADHB","PDK3","Havenogene","RAB40C","AGO2","PMP22","Havenogene","GATA1","APOC1","MAPKAPK2","LONP2","SLC35B2","MAP3K7","ZNRF4","GYPC","SLC6A14","Havenogene"
"69","SOCS3","PGF","ATXN2","WASF2","Havenogene","Havenogene","PIK3R5","TSG101","CHAF1A","ATF3","Havenogene","HIBCH","ARL3","CHPT1","HPGD","HBEGF","GBF1","TMEM140","PSME1","LAYN","Havenogene","Havenogene","MT3","EIF4E","STAT2","DHFR","CDKN3","SNRPD3","Havenogene","FSTL3","TNFAIP6","GCKR","INMT","ATP5PD","CXCR4","Havenogene","ERCC5","SOD2","CDON","Havenogene","RBM38","CRIP2","TNFRSF21","DHCR24","FDPS","IL15","AGFG1","LY96","ITGB1BP2","Havenogene"
"70","SLC2A6","GAPDHS","NFIL3","MYH10","Havenogene","Havenogene","GRB2","USP11","NOLC1","LGALS3","Havenogene","SUCLG1","MED13L","KLK10","ANKH","MEF2C","KRT18","CD74","ISG20","PFN1","Havenogene","Havenogene","CASP7","IARS1","SLA","DHCR7","ATAD2","PSMD1","Havenogene","TPM2","IL7R","CDA","UGDH","PDHA1","GPC4","Havenogene","CDH13","PPP1R2","PIK3R3","Havenogene","PRDX2","KLK8","NT5E","ABCA8","ALB","CTSS","SNAP91","FLT4","SLC12A3","Havenogene"
"71","PTGER4","CHST2","ALCAM","CENPE","Havenogene","Havenogene","IRF1","TAF1C","GSPT1","LUM","Havenogene","STAT5A","SEMA3B","ELOVL5","GNAI3","NOS1","CAV2","GMPR","IRF2","CNN2","Havenogene","Havenogene","PRSS36","DDX10","EGFR","IMMT","RPA1","RACK1","Havenogene","INHBA","IL18","MTHFD1","GSTZ1","NDUFA8","ECD","Havenogene","DDIT3","RHOB","NOTCH2","Havenogene","RNF123","SERPINC1","FLT3LG","PFKM","FADS1","CD47","PSMG1","SPON1","YBX2","Havenogene"
"72","DUSP5","TMEM45A","FABP5","CYTH2","Havenogene","Havenogene","DNTT","TARBP2","BUB3","LMNA","Havenogene","ITGA7","KRT18","RAPGEFL1","SRF","CNN3","ATP1A1","PSMA3","TRIM14","TAOK2","Havenogene","Havenogene","PFN1","GEMIN4","PLA2G12A","UCHL5","STMN1","GOT2","Havenogene","DAB2","GABBR1","ADH7","IDH3B","DLD","GNE","Havenogene","TGFB1","RET","SYNJ2","Havenogene","MINPP1","ANXA1","CCND2","DIO1","STS","PRF1","CHFR","BMP2","CKM","Havenogene"
"73","SERPINB2","BCAN","S100A11","MID1","Havenogene","Havenogene","CSF2","POLH","SMC1A","GADD45B","Havenogene","MRAP","SLC16A1","JAK2","SLC38A2","IGFBP7","BNIP3","PROCR","FCGR1A","AMIGO2","Havenogene","Havenogene","GZMB","TARS1","MAPK10","YKT6","TIPIN","PABPC4","Havenogene","EMP3","CD82","DHRS1","MDH1","OPA1","B4GALT2","Havenogene","FUCA1","PDLIM3","SMAD7","Havenogene","TNS1","ITIH1","TRAF1","RXRA","SMARCC1","IL12RB1","TNP2","PLEK2","CPB1","Havenogene"
"74","NFIL3","ATF3","CPEB2","KLC1","Havenogene","Havenogene","IL2RA","CETN2","ILF3","CDK2","Havenogene","PLIN2","TJP3","SLC26A2","HMGCS1","CACNA1H","ZW10","IL7","MARCHF1","MDK","Havenogene","Havenogene","RNF4","ALDH18A1","CALR","INSIG1","TK1","CCT5","Havenogene","BASP1","TNFSF9","VNN1","CRAT","SLC25A11","FUT8","Havenogene","H2AC25","EPCAM","MAP1B","Havenogene","CTSE","PRSS23","LCLAT1","FDXR","ITGB1BP1","LCP2","EZH2","IGF2","MAGIX","Havenogene"
"75","SERPINE1","CAV1","Havenogene","MARK4","Havenogene","Havenogene","PTPN11","POLD1","CDC7","IFNB1","Havenogene","CYC1","SLC26A2","SLC22A5","ARID5B","GSN","GALC","IFI30","SOCS3","INPPL1","Havenogene","Havenogene","ZEB1","DDIT4","THEM4","SQLE","CDCA8","PRPS2","Havenogene","ITGA5","NMUR1","CNDP2","ETFDH","ATP5ME","MIOX","Havenogene","TP63","DNAJA1","TENT4A","Havenogene","DMTN","FBN1","IL3RA","TTR","SIAH1","SOCS1","HBZ","NR1H4","ARHGDIG","Havenogene"
"76","TRIB1","AMPD3","Havenogene","ARL8A","Havenogene","Havenogene","IL12RB1","CANT1","INCENP","RETSAT","Havenogene","ALDH2","FCMR","ITPK1","CDC14B","CACNG1","ADAM10","IRF2","JAK2","CLDN6","Havenogene","Havenogene","CASP5","HSPA9","RIT1","IGFBP5","ESPL1","ACP1","Havenogene","MGP","IL2RB","SLC6A6","CD36","PDHB","VCAN","Havenogene","HSPA4L","SULT1A1","PTEN","Havenogene","HDGF","MST1","CYFIP1","KLF1","SLC25A19","CDKN2A","ARL4A","SNAP25","CALML5","Havenogene"
"77","TIPARP","GPC3","Havenogene","CEP57","Havenogene","Havenogene","CCR1","PDE4B","CKS1B","SMAD7","Havenogene","RNF11","SULT2B1","PCP4","TNFAIP8","PPFIA4","RAB5A","CSF1","HLA-DMA","ARPC2","Havenogene","Havenogene","IRF1","SEC11A","MKNK2","IFI30","NCAPD2","PRPF31","Havenogene","VEGFA","TLR1","FETUB","ECI2","ATP5MF","GPC3","Havenogene","EPHX1","CHKA","DYRK1A","Havenogene","XPO7","F3","BCL2","SLC29A1","CDK7","STAT4","SLC12A2","ACE","KRT1","Havenogene"
"78","RELA","NDST1","Havenogene","UXT","Havenogene","Havenogene","CNTFR","DGCR8","EXO1","SOD1","Havenogene","ALDOA","SNX24","PAPSS2","XRCC5","MB","GOLGA4","IL15","PARP12","SRC","Havenogene","Havenogene","CPQ","EIF4A3","PPP2R1B","CYP51A1","RANBP1","CCT2","Havenogene","CXCL1","LPAR1","CROT","SDHD","NDUFB7","B3GALT6","Havenogene","ABHD4","CYP1A1","NEK7","Havenogene","MKRN1","KLF7","FGL2","BCAR3","RXRG","CD7","BRAF","PRRX1","MTHFR","Havenogene"
"79","BIRC2","IRS2","Havenogene","ARHGAP4","Havenogene","Havenogene","PLA2G2A","RAD51","H2AZ1","PTK2","Havenogene","SULT1A1","TFAP2C","NAB2","GPD1L","SPHK1","SEC24D","CNP","TNFAIP6","PBX2","Havenogene","Havenogene","CDK5R1","POP4","CAB39L","FGL2","MRE11","KARS1","Havenogene","WNT5A","IRAK2","GAD1","ACSL5","IDH2","HSPA5","Havenogene","H2AJ","ATP6V1F","SPOP","Havenogene","SMOX","CTSE","PRNP","LCK","ALDH1A1","HLA-DOB","VDAC3","C3AR1","ABCB11","Havenogene"
"80","CXCL6","SAP30","Havenogene","CDC42EP4","Havenogene","Havenogene","CXCL9","SURF1","TFDP1","ENO2","Havenogene","DDT","TTC39A","FAM102A","ACTN1","SCHIP1","AP1G1","TENT5A","TRIM26","MAPK14","Havenogene","Havenogene","ATOX1","ERO1A","ARPC3","ENO1","KIF4A","DEK","Havenogene","SDC1","RIPK2","AKR1C2","HSDL2","MTX2","ME1","Havenogene","TRAF4","CDO1","F3","Havenogene","TFDP2","ITGB3","EEF1AKMT1","PEX11G","UGT2B17","CD8A","POMC","TRAF1","MYOT","Havenogene"
"81","LITAF","GAA","Havenogene","SASS6","Havenogene","Havenogene","CD44","PNP","CCND1","HMOX1","Havenogene","SDHB","GJA1","BCL2","RPS6KA3","MEF2D","MAPK1","IL4R","VCAM1","MAP4K2","Havenogene","Havenogene","PIK3CA","CEBPG","PITX2","IDI1","LMNB1","EIF4G2","Havenogene","PLOD2","MMP14","TKFC","HMGCS1","VDAC3","ADORA2B","Havenogene","CTSF","ALDOA","ERBB2","Havenogene","MXI1","CAPN5","PUS1","SLCO1A2","CADM1","ICAM1","IFT88","TLR8","CELSR2","Havenogene"
"82","TNFAIP6","SDC4","Havenogene","LATS1","Havenogene","Havenogene","IL7","ADA","KPNB1","IER3","Havenogene","CD151","PRSS23","LSR","TSC22D1","SMTN","GOSR2","CMTR1","CD274","PTEN","Havenogene","Havenogene","TMPRSS6","BAG3","NCK1","CYB5B","KIF22","XPOT","Havenogene","PCOLCE","P2RX7","IGF1","SDHC","MDH1","UGP2","Havenogene","IER5","NPTXR","GRK5","Havenogene","HBB","CSRP1","ITGAV","ALDH1A1","SERPINA6","CCL4","TKTL1","ID2","KLK7","Havenogene"
"83","CD44","STBD1","Havenogene","OPHN1","Havenogene","Havenogene","CXCL11","NME3","JPT1","BCL2L10","Havenogene","SLC27A1","OLFM1","CACNA2D2","PDLIM5","CDKN1A","RPS6KA3","CD47","CIITA","CALB2","Havenogene","Havenogene","CPM","KDELR3","IL2RG","SHMT2","UNG","SRM","Havenogene","GREM1","SLC11A2","SSR3","CD1D","ATP5MC2","MIF","Havenogene","TAX1BP3","EIF2S3","DUSP1","Havenogene","MOSPD1","KLKB1","NCS1","SULT1B1","CLN8","GZMB","NEK2","TMEM100","THNSL2","Havenogene"
"84","INHBA","IER3","Havenogene","WASL","Havenogene","Havenogene","CCL7","GTF3C5","LBR","CD2","Havenogene","BCKDHA","RAPGEFL1","CA2","TMEM50A","GAA","STAM","LPAR6","NAMPT","CNTN1","Havenogene","Havenogene","RCE1","CEBPB","PFN1","TXNRD1","SMC1A","UBA2","Havenogene","ITGB1","SELL","GABARAPL1","GCDH","IMMT","NANP","Havenogene","TSC22D1","CNP","VLDLR","Havenogene","SLC25A37","MSRB2","DCPS","NR1I2","RDH11","CSF1","STAM2","PLAUR","CHRNG","Havenogene"
"85","PLAU","PKLR","Havenogene","MAP3K11","Havenogene","Havenogene","LTB","NT5C","HUS1","GCH1","Havenogene","C3","ASB13","ASCL1","ADAMTS1","TPD52L1","ABCA1","MOV10","SELP","TSPAN4","Havenogene","Havenogene","CALM1","CNOT2","FASLG","G6PD","CCNE1","KPNB1","Havenogene","COL5A3","P2RY2","TMBIM6","GPD2","MDH2","ZNF292","Havenogene","RGS16","GRINA","CAV1","Havenogene","SLC30A1","TFPI2","AMACR","GC","CTBP1","IL11","H1-6","GADD45G","NR4A2","Havenogene"
"86","MYC","IGFBP1","Havenogene","SOS1","Havenogene","Havenogene","IL17RB","AK1","KIF20B","MMP2","Havenogene","LEP","TIPARP","ACOX2","NCOA4","HSPB2","SNAP23","CASP8","GPR18","VCAN","Havenogene","Havenogene","DOCK9","SHC1","NOD1","SLC9A3R1","CDCA3","PSMA7","Havenogene","RHOB","ABCA1","CD36","ALDH3A1","SLC25A3","STC2","Havenogene","HRAS","BID","COL11A1","Havenogene","ABCB6","MMP3","HYCC2","ABCA4","HSD11B2","STAB1","GMCL1","CBX8","CD40LG","Havenogene"
"87","TNFRSF9","PLAUR","Havenogene","ABL1","Havenogene","Havenogene","CD36","GTF2H1","TOP1","VDAC2","Havenogene","ADCY6","ABCA3","CISH","AKAP12","SGCA","SOD1","TXNIP","FPR1","CDH8","Havenogene","Havenogene","KYNU","SPCS3","DAPP1","RAB1A","ASF1B","TRA2B","Havenogene","HTRA1","FFAR2","CES1","SLC22A5","ATP6V1D","TPST1","Havenogene","PVT1","POLG2","CDC42BPA","Havenogene","SLC6A8","MEP1A","PTH1R","SLC35B2","TTR","IL2RA","MTNR1A","SCN1B","KRT13","Havenogene"
"88","SGK1","CAVIN3","Havenogene","TIAM1","Havenogene","Havenogene","Havenogene","HCLS1","PDS5B","TAP1","Havenogene","ELOVL6","FRK","GLA","SCD","BDKRB2","GLA","SLC25A28","HELZ2","ATP1A3","Havenogene","Havenogene","RASGRP1","H2AX","UBE2D3","EBP","POLA2","COX5A","Havenogene","FGF2","PROK2","SHMT2","PDHB","VDAC2","PGM2","Havenogene","ZFP36L1","IL6ST","CDK13","Havenogene","TFRC","GP1BA","ODC1","SLC23A1","ERCC3","NLRP3","RFC4","PTBP2","GP2","Havenogene"
"89","TNIP1","CCN5","Havenogene","KIF1B","Havenogene","Havenogene","Havenogene","APRT","SRSF1","PLAT","Havenogene","LTC4S","DHRS2","PTGES","PTK2B","COX7A1","ATP6V1B1","SELL","PSME2","EPB41L2","Havenogene","Havenogene","USP14","SLC1A4","CAB39","PNO1","TIMELESS","PA2G4","Havenogene","SNTB1","GNAI3","TMEM176B","TDO2","ACADM","GYS1","Havenogene","SDC1","HYAL2","SFMBT1","Havenogene","RCL1","APOA1","IGF1R","NUDT12","ATXN1","CCND3","DBF4","NAP1L2","CD207","Havenogene"
"90","NAMPT","LARGE1","Havenogene","ITSN1","Havenogene","Havenogene","Havenogene","ERCC8","STIL","IFNGR1","Havenogene","SPARCL1","AQP3","PERP","CDK6","COL4A2","STX12","TRAFD1","SERPING1","MYL9","Havenogene","Havenogene","LCP2","RPS14","AP2M1","PIK3R3","HELLS","PCBP1","Havenogene","GADD45A","TACR1","GSTT2","FASN","COX7A2L","TKTL1","Havenogene","WRAP73","FOSB","ADORA2B","Havenogene","TOP1","SERPINA1","PTCH1","ABCA1","SULT2B1","EIF3A","PRKAR2A","AKAP12","CCR8","Havenogene"
"91","FOSL2","NOCT","Havenogene","SHROOM1","Havenogene","Havenogene","Havenogene","IMPDH2","ABL1","APP","Havenogene","RMDN3","KCNK15","OPN3","ADRM1","PLXNB2","CD63","BATF2","CCL5","SPEG","Havenogene","Havenogene","GP1BA","NPM1","MAP3K7","ACTR3","UBE2S","HNRNPA1","Havenogene","MEST","SLC7A1","PLG","NBN","TIMM17A","TGFA","Havenogene","RAP2B","MGAT1","BHLHE40","Havenogene","EPOR","TF","ENO3","PAOX","CRABP2","SIT1","TTK","PLAT","ZBTB16","Havenogene"
"92","PNRC1","S100A4","Havenogene","NCK2","Havenogene","Havenogene","Havenogene","POLB","DTYMK","BRCA1","Havenogene","MTCH2","TGIF2","KRT13","H1-0","CTF1","TOM1L1","RIPK2","RNF31","ADRA1B","Havenogene","Havenogene","KIF2A","CNOT6","PRKAG1","LDLR","PRKDC","CCNA2","Havenogene","LRRC15","CDKN1A","HMOX1","PSME1","ATP6V1E1","CHST2","Havenogene","COQ8A","NKX2-5","COL3A1","Havenogene","TNRC6B","PEF1","CD81","SLC22A18","CRABP1","IFNAR2","DMC1","SCG3","PRKN","Havenogene"
"93","ID2","RRAGD","Havenogene","DLGAP5","Havenogene","Havenogene","Havenogene","SDCBP","CDC27","ROCK1","Havenogene","SOWAHC","FOXC1","HSPB8","HSD17B14","COL15A1","SSPN","CCRL2","SOD2","SYK","Havenogene","Havenogene","GNB4","CKS1B","CSNK2B","SLC2A3","RAN","PPIA","Havenogene","TNFRSF11B","CYBB","SPINT2","PPARA","NDUFA3","PHKA2","Havenogene","PLXNB2","PPAT","KCNMA1","Havenogene","ACSL6","GNG12","MAFF","DIO2","TOP2A","HDAC9","NCAPH","ANO1","CPA2","Havenogene"
"94","CD69","ZFP36","Havenogene","BCR","Havenogene","Havenogene","Havenogene","SF3A3","BARD1","PSEN1","Havenogene","SLC1A5","ELF3","UGDH","VAPA","KCNH2","ARFGAP3","NUB1","TRIM25","CADM2","Havenogene","Havenogene","LCK","PSAT1","PRKAA2","UBE2D3","USP1","EIF3J","Havenogene","CD59","TIMP1","ALDH3A1","NCAPH2","SLC25A6","STMN1","Havenogene","HEXIM1","FURIN","SYNE1","Havenogene","GAPVD1","SIRT2","EMP1","RBP1","SCGB1A1","CARTPT","PEBP1","IL1RL2","MEFV","Havenogene"
"95","IL7R","EGFR","Havenogene","RANBP9","Havenogene","Havenogene","Havenogene","DAD1","ATF5","DCN","Havenogene","CMPK1","REEP1","CLIC3","CCND1","AGRN","RAB9A","OGFR","LAP3","ALOX15B","Havenogene","Havenogene","OLR1","EIF4G1","ATF1","ELOVL5","SPAG5","ORC2","Havenogene","ACTA2","HBEGF","GSR","BPHL","IDH3G","GALE","Havenogene","PROCR","MRPL23","IGF1R","Havenogene","MGST3","COMP","CDKN1C","SLC23A2","ERCC1","TRAT1","CHRM4","CXCL10","CCNA1","Havenogene"
"96","EFNA1","EDN2","Havenogene","EPB41L2","Havenogene","Havenogene","Havenogene","UPF3B","CDC45","PSEN2","Havenogene","REEP6","PEX11A","KLK11","XRCC6","MYO1C","CTSC","MVB12A","PSMA3","CX3CL1","Havenogene","Havenogene","PREP","YWHAZ","SLC2A1","CACYBP","POLD3","PSMA2","Havenogene","EFEMP2","SCARF1","ABHD6","ODC1","ACADVL","MET","Havenogene","SPHK1","HTR7","CELF2","Havenogene","SLC30A10","HTRA1","CAPN3","ATXN1","DLG4","CCL22","TOPBP1","ATG10","SLC38A3","Havenogene"
"97","PHLDA2","IDS","Havenogene","SEPTIN9","Havenogene","Havenogene","Havenogene","GUK1","ODC1","SOD2","Havenogene","NDUFA5","PODXL","PLAC1","MYL12A","SIRT2","Havenogene","ELF1","RNF213","MYH10","Havenogene","Havenogene","MSRB1","SLC30A5","PIN1","EDEM1","DUT","SYNCRIP","Havenogene","MATN2","EBI3","XDH","CA6","ETFA","LCT","Havenogene","NOL8","CXCL2","MTA1","Havenogene","CAT","MAFF","IL1R2","GCLM","PABPC1","APBB1","SCG5","YRDC","KLK8","Havenogene"
"98","PFKFB3","CDKN1A","Havenogene","KATNA1","Havenogene","Havenogene","Havenogene","TP53","XPO1","BMF","Havenogene","FZD4","KLF4","ABHD2","UBE2I","SGCD","Havenogene","Havenogene","PELI1","DMP1","Havenogene","Havenogene","LTA4H","MTREX","TNFRSF1A","ATP6V1D","TACC3","HDAC2","Havenogene","PCOLCE2","NFKBIA","PPARD","DLD","TIMM9","IRS2","Havenogene","DEF6","KLHDC3","EFEMP1","Havenogene","BCAM","LRP1","SYT11","NEDD4","FABP6","FYB1","NEFH","HDAC9","CYP39A1","Havenogene"
"99","CCL5","RORA","Havenogene","TUBD1","Havenogene","Havenogene","Havenogene","ADRM1","SFPQ","EREG","Havenogene","DRAM2","BAG1","SCARB1","PTPN21","SORBS1","Havenogene","Havenogene","CFB","CDSN","Havenogene","Havenogene","ZFPM2","KIF5B","LCK","TES","KIF18B","LSM2","Havenogene","SERPINE2","SRI","ELOVL5","HCCS","IDH3A","POLR3K","Havenogene","SP1","PRPF3","LAMC1","Havenogene","HBZ","PF4","TTC39B","RXRG","ABCB9","IL1B","MAP7","PEG3","KCNQ2","Havenogene"
"100","YRDC","DUSP1","Havenogene","TPX2","Havenogene","Havenogene","Havenogene","SEC61A1","TMPO","KRT18","Havenogene","MGST3","CELSR1","DCXR","AKT1","VIPR1","Havenogene","Havenogene","CD86","MAPK13","Havenogene","Havenogene","LYN","DCP1A","RPS6KA3","TM7SF2","CDC25B","VBP1","Havenogene","GPC1","SLC7A2","CYP4F2","EPHX1","TIMM8B","B4GALT1","Havenogene","JAG2","DNAJB1","PHF3","Havenogene","ACKR1","CPQ","ANXA4","AR","CACNA1B","TIMP1","BUB1","SEMA3B","SLC30A3","Havenogene"
"101","IFNGR2","MIF","Havenogene","KIF3C","Havenogene","Havenogene","Havenogene","POLA2","PML","TGFB2","Havenogene","ATP1B3","PLAAT3","CCND1","PA2G4","FGF2","Havenogene","Havenogene","TXNIP","MYL12B","Havenogene","Havenogene","ACTN2","IFIT1","NGF","PSMA3","SRSF1","PSMA6","Havenogene","ABI3BP","CCL17","RETSAT","DLST","ATP6AP1","EFNA3","Havenogene","CCP110","AP2S1","SCAF8","Havenogene","PSMD9","MMP15","BATF","BMP6","SEMA3C","RPS19","SEPTIN4","TNNT2","CHST2","Havenogene"
"102","SQSTM1","PPP1R3C","Havenogene","SHROOM2","Havenogene","Havenogene","Havenogene","FEN1","BRCA2","RELA","Havenogene","RETN","SLC7A5","SFN","Havenogene","FKBP1B","Havenogene","Havenogene","HLA-DQA1","RAC2","Havenogene","Havenogene","SIRT6","IMP3","CXCR4","ITGB2","GINS3","CNBP","Havenogene","FUCA1","TLR3","CYFIP2","FMO1","TIMM13","LHX9","Havenogene","DRAM1","PSMC3","VAV2","Havenogene","ISCA1","RABIF","P4HA1","SERPINA6","VPS4B","JAK2","PGS1","LIF","ITIH3","Havenogene"
"103","BTG3","DPYSL4","Havenogene","TUBGCP6","Havenogene","Havenogene","Havenogene","ZNF707","CTCF","WEE1","Havenogene","STOM","MPPED2","ABCA3","Havenogene","TEAD4","Havenogene","Havenogene","GCH1","FBN1","Havenogene","Havenogene","APOC1","SPCS1","ACACA","AK4","NOLC1","CDK2","Havenogene","SLIT3","APLNR","PINK1","AOC3","UQCRQ","KDELR3","Havenogene","RPL18","TST","PIAS3","Havenogene","PDZK1IP1","HRG","GPR65","LIPE","CEL","KRT1","NPY5R","CFB","EGF","Havenogene"
"104","GADD45B","KDELR3","Havenogene","SPTAN1","Havenogene","Havenogene","Havenogene","NUDT9","KNL1","RARA","Havenogene","ESYT1","TIAM1","SULT2B1","Havenogene","CASQ1","Havenogene","Havenogene","PNP","DSC1","Havenogene","Havenogene","PRKCD","DNAJA4","SMAD2","SLC1A4","SLBP","TARDBP","Havenogene","LAMA1","OSMR","GCLC","UROD","ABCB7","TALDO1","Havenogene","CEBPA","SIGMAR1","ACVR2A","Havenogene","H4C3","C8G","SLC1A5","EFHC1","ESR2","WARS1","TSN","BTC","MSH5","Havenogene"
"105","KYNU","DTNA","Havenogene","PALLD","Havenogene","Havenogene","Havenogene","PDE6G","KMT5A","CD14","Havenogene","GHITM","CLDN7","CCNA1","Havenogene","KLF5","Havenogene","Havenogene","CCL7","CD34","Havenogene","Havenogene","ITGAM","VEGFA","PAK4","TOMM40","CHEK2","NOLC1","Havenogene","PMEPA1","IL10RA","ESR1","CPT1A","VDAC1","DPYSL4","Havenogene","KIF13B","GCH1","NRP1","Havenogene","ICAM4","APOC2","IGF2R","IDH2","Havenogene","IFNGR2","CDK1","PPP1R15A","TEX15","Havenogene"
"106","G0S2","ADORA2B","Havenogene","ARFIP2","Havenogene","Havenogene","Havenogene","TYMS","SLC38A1","CD69","Havenogene","DNAJC15","MYOF","STIL","Havenogene","PDLIM7","Havenogene","Havenogene","PTPN6","ICAM4","Havenogene","Havenogene","DGKH","SKIC3","Havenogene","SLC6A6","SPC25","GSPT1","Havenogene","COL8A2","PSEN1","PMM1","KMT5A","ATP5MG","VLDLR","Havenogene","MXD1","BTG2","MRPS31","Havenogene","MOCOS","SERPINB2","CKAP4","IDI1","Havenogene","CCR2","SHE","PTPRR","CLPS","Havenogene"
"107","BTG1","HS3ST1","Havenogene","KNTC1","Havenogene","Havenogene","Havenogene","BCAP31","TRA2B","PEA15","Havenogene","GADD45A","RBBP8","MICB","Havenogene","AK1","Havenogene","Havenogene","SPPL2A","MSN","Havenogene","Havenogene","LTF","TUBB2A","Havenogene","PPIA","BARD1","HNRNPA2B1","Havenogene","FBN2","GPR183","TDO2","UBE2L6","PHB2","CD44","Havenogene","TRAFD1","CEBPG","CCN1","Havenogene","ADD1","RAPGEF3","CCR4","CH25H","Havenogene","EREG","PARP2","CCL20","ENTPD7","Havenogene"
"108","MCL1","CAVIN1","Havenogene","HOOK3","Havenogene","Havenogene","Havenogene","DDB1","MYBL2","DNAJC3","Havenogene","VEGFB","OLFML3","ZFP36","Havenogene","TAGLN","Havenogene","Havenogene","IL4R","MAPK11","Havenogene","Havenogene","MAFF","FUS","Havenogene","ADD3","DCTPP1","ETF1","Havenogene","IGFBP2","ATP2B1","MT2A","MIF","DECR1","AGL","Havenogene","OSGIN1","TARS1","DAB2","Havenogene","FTCD","CPN1","CD44","ABCA5","Havenogene","MMP9","TNNI3","ARG1","CLSTN3","Havenogene"
"109","VEGFA","NR3C1","Havenogene","SUN2","Havenogene","Havenogene","Havenogene","NFX1","TROAP","CASP2","Havenogene","PFKL","GFRA1","CAV1","Havenogene","RIT1","Havenogene","Havenogene","PNPT1","ACTC1","Havenogene","Havenogene","KCNIP2","EXOSC10","Havenogene","ME1","SMC3","RPL6","Havenogene","PFN2","TNFRSF1B","ATP2A2","SUCLG2","SUCLA2","SOX9","Havenogene","ANKRA2","UROD","MAGI2","Havenogene","ADD2","ITGA2","P2RX4","SULT2B1","Havenogene","EGFR","PCSK1N","RETN","CYP11B2","Havenogene"
"110","MAP2K3","KLF6","Havenogene","MID1IP1","Havenogene","Havenogene","Havenogene","RAD52","TENT4A","CTH","Havenogene","COQ3","FARP1","NBL1","Havenogene","MEF2A","Havenogene","Havenogene","DHX58","TRAF1","Havenogene","Havenogene","PCLO","EEF2","Havenogene","CCNF","RNASEH2A","TOMM70","Havenogene","SDC4","BEST1","DDT","CPOX","GOT2","DDIT4","Havenogene","HBEGF","PARP2","ANXA4","Havenogene","BMP2K","RAC1","GATA1","SOAT2","Havenogene","IL16","IDE","KLF4","CLDN16","Havenogene"
"111","CDKN1A","GPC4","Havenogene","DLG1","Havenogene","Havenogene","Havenogene","ADCY6","CUL3","PLCB2","Havenogene","NABP1","SVIL","CD44","Havenogene","ANKRD2","Havenogene","Havenogene","BTG1","CRB3","Havenogene","Havenogene","DOCK10","EXOC2","Havenogene","SLC37A4","DEK","PTGES3","Havenogene","CD44","GPC3","FABP1","SMS","DLAT","IDUA","Havenogene","RAD51C","BTG3","COL1A1","Havenogene","BPGM","DPP4","KLF6","TFCP2L1","Havenogene","CFP","GPR182","MMD","HSD11B2","Havenogene"
"112","CCN1","CCN1","Havenogene","FLNA","Havenogene","Havenogene","Havenogene","ARL6IP1","MAPK14","BMP2","Havenogene","CYP4B1","TGM2","HR","Havenogene","AKT2","Havenogene","Havenogene","CASP8","ITGA2","Havenogene","Havenogene","SH2B3","PAIP1","Havenogene","ALDOA","CENPM","PSMA1","Havenogene","GADD45B","SCN1B","ACP2","CBR3","ATP6V1H","CASP6","Havenogene","ITGB4","DLG4","SCHIP1","Havenogene","CLCN3","WDR1","ARL4A","NR0B2","Havenogene","WAS","RAD17","PDCD1LG2","COQ8A","Havenogene"
"113","TANK","TNFAIP3","Havenogene","ARHGAP10","Havenogene","Havenogene","Havenogene","DGUOK","H2BC12","HMGB2","Havenogene","PPM1B","DEPTOR","HOMER2","Havenogene","LAMA2","Havenogene","Havenogene","IFI30","ITGA10","Havenogene","Havenogene","RABIF","BANF1","Havenogene","BTG2","RAD51C","PSMC6","Havenogene","CXCL8","ACVR1B","ABCD2","NTHL1","NDUFB2","GLCE","Havenogene","TRIB3","CHRNA5","DDAH1","Havenogene","E2F2","THBS1","HOPX","Havenogene","Havenogene","ITGAL","TLE4","H2BC3","HNF1A","Havenogene"
"114","IFIT2","CA12","Havenogene","CDC42BPA","Havenogene","Havenogene","Havenogene","POLL","MYC","PLPPR4","Havenogene","ARAF","CYP26B1","BTG3","Havenogene","DENND2B","Havenogene","Havenogene","CCL2","BAIAP2","Havenogene","Havenogene","SRC","Havenogene","Havenogene","UFM1","CBX5","CTPS1","Havenogene","GLIPR1","HPN","G6PC1","CIDEA","FDX1","COPB2","Havenogene","INHBB","NPTX2","PDGFRB","Havenogene","HAGH","FYN","GPR83","Havenogene","Havenogene","KLRD1","ACE","HOXD11","FGF22","Havenogene"
"115","IL18","HEXA","Havenogene","ARHGEF12","Havenogene","Havenogene","Havenogene","SMAD5","AMD1","H1-0","Havenogene","CAVIN1","PAPSS2","GAL","Havenogene","IFRD1","Havenogene","Havenogene","FGL2","ARHGEF6","Havenogene","Havenogene","HPCAL4","Havenogene","Havenogene","CCNG1","RFC1","HSPE1","Havenogene","ANPEP","SEMA4D","DDC","IDI1","HADHA","DSC2","Havenogene","VAMP8","ATP6V1C1","ATRX","Havenogene","KDM7A","PDGFB","ITGA6","Havenogene","Havenogene","RARS1","SIRT1","TRIB1","TFCP2L1","Havenogene"
"116","TUBB2A","BGN","Havenogene","MARCKS","Havenogene","Havenogene","Havenogene","MPG","CBX1","TGFBR3","Havenogene","COL4A1","SLC1A1","ETFB","Havenogene","NCAM1","Havenogene","Havenogene","CASP7","ACTG1","Havenogene","Havenogene","CD46","Havenogene","Havenogene","STC1","POLD2","FAM120A","Havenogene","P3H1","KLF6","ACOX3","AADAT","ATP6V1C1","HS6ST2","Havenogene","VWA5A","AQP3","KALRN","Havenogene","OPTN","SH2B2","CD48","Havenogene","Havenogene","TLR2","HTR5A","F2RL1","OXT","Havenogene"
"117","IRF1","PPP1R15A","Havenogene","NIN","Havenogene","Havenogene","Havenogene","DUT","CHMP1A","EBP","Havenogene","IMMT","DLC1","BAG1","Havenogene","SYNGR2","Havenogene","Havenogene","SECTM1","MVD","Havenogene","Havenogene","PRDM4","Havenogene","Havenogene","NMT1","DSCC1","PPM1G","Havenogene","VEGFC","CD48","SAR1B","REEP6","MAOB","CDK1","Havenogene","ABAT","PLCL1","TGFBR2","Havenogene","RAP1GAP","PECAM1","DRC1","Havenogene","Havenogene","CCND2","TALDO1","ANXA10","KCND1","Havenogene"
"118","FOS","PGM2","Havenogene","PCM1","Havenogene","Havenogene","Havenogene","POLA1","DKC1","TXNIP","Havenogene","DHRS7","JAK2","FRK","Havenogene","PICK1","Havenogene","Havenogene","IL15RA","PDZD3","Havenogene","Havenogene","GNAI3","Havenogene","Havenogene","PSMC6","ILF3","HNRNPD","Havenogene","MMP14","CXCR6","FBLN1","HSPH1","NDUFB4","PLOD1","Havenogene","CTSD","NUP58","PTGFR","Havenogene","CTNS","MMP7","SELP","Havenogene","Havenogene","IL2RG","NF2","TSPAN13","MACROH2A2","Havenogene"
"119","OLR1","PIM1","Havenogene","RALBP1","Havenogene","Havenogene","Havenogene","AGO4","YTHDC1","ANKH","Havenogene","COL15A1","AFF1","SLC16A1","Havenogene","COL6A3","Havenogene","Havenogene","CD40","ADAM9","Havenogene","Havenogene","C9","Havenogene","Havenogene","FDXR","DEPDC1","SERBP1","Havenogene","SGCD","SLC1A2","ADH5","APEX1","UQCR10","SDC2","Havenogene","PTPRE","TYRO3","ATP2C1","Havenogene","NFE2L1","DUSP6","GLIPR2","Havenogene","Havenogene","ETS1","CLVS1","MTMR10","NRIP2","Havenogene"
"120","RHOB","PRDX5","Havenogene","EZR","Havenogene","Havenogene","Havenogene","RALA","CCNT1","RHOT2","Havenogene","NMT1","KLK10","AFF1","Havenogene","CRAT","Havenogene","Havenogene","TRAFD1","PCDH1","Havenogene","Havenogene","PPP2CB","Havenogene","Havenogene","RRM2","DCK","CSTF2","Havenogene","PLOD1","GP1BA","CRP","NSDHL","ETFDH","GMPPB","Havenogene","HINT1","HMOX1","ARHGEF9","Havenogene","ELL2","CPB2","SMPDL3A","Havenogene","Havenogene","ITK","CNIH2","CFH","RGS11","Havenogene"
"121","AREG","NAGK","Havenogene","SSH2","Havenogene","Havenogene","Havenogene","ZWINT","TGFB1","CYLD","Havenogene","COQ5","P2RY2","TFAP2C","Havenogene","DMPK","Havenogene","Havenogene","HLA-DRB1","SLIT2","Havenogene","Havenogene","IRF2","Havenogene","Havenogene","DHCR24","CDKN2C","PRDX4","Havenogene","MATN3","TAPBP","ABCC2","ADIPOR2","GPX4","PAXIP1","Havenogene","ALOX15B","RPN1","NFKB1","Havenogene","SLC2A1","S100A13","PLSCR1","Havenogene","Havenogene","NCR1","GRM8","LAT2","CPEB3","Havenogene"
"122","NINJ1","CDKN1B","Havenogene","CDK1","Havenogene","Havenogene","Havenogene","BCAM","ATRX","GSTM1","Havenogene","LAMA4","BLVRB","IGSF1","Havenogene","MYH11","Havenogene","Havenogene","GBP6","KRT31","Havenogene","Havenogene","FYN","Havenogene","Havenogene","PSMC4","MYC","EIF4E","Havenogene","MYL9","RGS16","ETS2","ACSL4","PDHX","NSDHL","Havenogene","VDR","BTG1","MGLL","Havenogene","PIGQ","CFD","FURIN","Havenogene","Havenogene","MAP4K1","STRBP","ERO1A","TG","Havenogene"
"123","ZBTB10","BRS3","Havenogene","RAB3GAP1","Havenogene","Havenogene","Havenogene","TK2","LIG3","GSR","Havenogene","AGPAT3","CISH","HPRT1","Havenogene","MYH9","Havenogene","Havenogene","LCP2","SGCE","Havenogene","Havenogene","JAK2","Havenogene","Havenogene","CTH","TCF19","ODC1","Havenogene","SLC6A8","SLAMF1","NPC1","ACSS1","MFN2","RARS1","Havenogene","ELP1","FMO1","FBLN5","Havenogene","KLF3","DCT","SERPINB6","Havenogene","Havenogene","CCL19","ADCYAP1","RELN","PTPRJ","Havenogene"
"124","PLPP3","TKTL1","Havenogene","FARP1","Havenogene","Havenogene","Havenogene","CSTF3","NUP50","BGN","Havenogene","BAZ2A","GLA","CDC6","Havenogene","IGF1","Havenogene","Havenogene","HLA-G","GNAI1","Havenogene","Havenogene","PLA2G4A","Havenogene","Havenogene","PSME3","RAD1","USP1","Havenogene","CALU","LCK","CASP6","ENO3","AIFM1","SLC16A3","Havenogene","WWP1","ASNS","PDLIM5","Havenogene","EPB41","LEFTY2","TNFSF11","Havenogene","Havenogene","PSMB10","ALOX15","KCNN4","NUDT11","Havenogene"
"125","KLF4","MT1E","Havenogene","SYNPO","Havenogene","Havenogene","Havenogene","GTF2H5","SLC7A5","BCL2L1","Havenogene","IDH3A","ADD3","FARP1","Havenogene","CKB","Havenogene","Havenogene","MT2A","PIK3CB","Havenogene","Havenogene","PRCP","Havenogene","Havenogene","CFP","LBR","RPL22","Havenogene","PRRX1","HIF1A","BPHL","IDH3G","ACAA2","GLRX","Havenogene","NUPR1","DDX21","MAPK14","Havenogene","LAMP2","ANG","GPX4","Havenogene","Havenogene","RPL39","MEP1B","TMEM176A","FSHB","Havenogene"
"126","CXCL11","ATP7A","Havenogene","RHOF","Havenogene","Havenogene","Havenogene","HPRT1","RBL1","GNA15","Havenogene","LIFR","PDLIM3","AMFR","Havenogene","FST","Havenogene","Havenogene","RIPK1","NLGN2","Havenogene","Havenogene","USP8","Havenogene","Havenogene","POLR3G","NBN","HNRNPA3","Havenogene","TNFRSF12A","AHR","IL1R1","LGALS1","ETFB","SRD5A3","Havenogene","TCN2","KCNH2","SRI","Havenogene","TMEM9B","C1QA","LRRC8C","Havenogene","Havenogene","EIF3J","SCG3","MAP4K1","IDUA","Havenogene"
"127","SAT1","MT2A","Havenogene","ECT2","Havenogene","Havenogene","Havenogene","BOLA2","NUMA1","MGMT","Havenogene","PREB","MINDY1","DHRS2","Havenogene","GPX3","Havenogene","Havenogene","KLRK1","YWHAH","Havenogene","Havenogene","RHOG","Havenogene","Havenogene","ACACA","PTTG1","NCBP1","Havenogene","FMOD","NMI","ENTPD5","METAP1","COX11","SDC3","Havenogene","CDKN2AIP","COL2A1","INPP4B","Havenogene","EZH1","HMGCS2","CCNE1","Havenogene","Havenogene","ABCE1","GFI1","PTGS2","TNNI3","Havenogene"
"128","CSF1","SDC3","Havenogene","EPB41","Havenogene","Havenogene","Havenogene","GPX4","RAD54L","PPT1","Havenogene","PTGER3","FOS","NXT1","Havenogene","PVALB","Havenogene","Havenogene","UPP1","PARVA","Havenogene","Havenogene","L3MBTL4","Havenogene","Havenogene","QDPR","UBR7","RPLP0","Havenogene","ID2","RHOG","TNFRSF1A","ALDOA","ECHS1","HDLBP","Havenogene","POM121","MAOA","IGFBP5","Havenogene","CTSB","ISCU","CASP3","Havenogene","Havenogene","CD8B","ELOVL3","IL33","GTF3C5","Havenogene"
"129","GPR183","TIPARP","Havenogene","RAPGEF6","Havenogene","Havenogene","Havenogene","MPC2","EFNA5","F2","Havenogene","GPHN","KRT8","S100A9","Havenogene","PTP4A3","Havenogene","Havenogene","PSMB2","CRAT","Havenogene","Havenogene","LAMP2","Havenogene","Havenogene","MCM2","POLE4","ABCE1","Havenogene","GEM","TPBG","IGFBP4","ACSM3","PMPCA","COL5A1","Havenogene","ZNF365","TCHH","ITGB3","Havenogene","ATG4A","PLEK","SH3BGRL2","Havenogene","Havenogene","F2","IL12RB2","MAFB","TFF2","Havenogene"
"130","PMEPA1","PKP1","Havenogene","KIF22","Havenogene","Havenogene","Havenogene","CDA","PRPF4B","IL6","Havenogene","PFKFB3","SLC37A1","SLC29A1","Havenogene","ITGB1","Havenogene","Havenogene","TDRD7","ADAMTS5","Havenogene","Havenogene","PIM1","Havenogene","Havenogene","PSMD12","TUBG1","EIF1AX","Havenogene","PLAUR","NPFFR2","PYCR1","LTC4S","ATP6V0B","CLDN9","Havenogene","EPHA2","CYB5B","BDNF","Havenogene","MFHAS1","APOC3","SNX9","Havenogene","Havenogene","ELF4","DMRT1","LCP1","SSTR4","Havenogene"
"131","PTPRE","ANXA2","Havenogene","PCGF5","Havenogene","Havenogene","Havenogene","ALYREF","UCK2","SC5D","Havenogene","GPX4","B4GALT1","SLC24A3","Havenogene","HSPB8","Havenogene","Havenogene","HIF1A","AMH","Havenogene","Havenogene","CXCL1","Havenogene","Havenogene","SC5D","CTCF","YWHAE","Havenogene","MYLK","IFNAR1","CSAD","D2HGDH","SLC25A5","TFF3","Havenogene","JUN","HSPA13","ID1","Havenogene","MYL4","P2RY1","PLEC","Havenogene","Havenogene","LY86","GAD1","NGF","COPZ2","Havenogene"
"132","TLR2","PGAM2","Havenogene","STAU1","Havenogene","Havenogene","Havenogene","MRPL40","ARID4A","IFITM3","Havenogene","SSPN","CALCR","FOXC1","Havenogene","ACHE","Havenogene","Havenogene","EIF4E3","EGFR","Havenogene","Havenogene","F3","Havenogene","Havenogene","CANX","CNOT9","MCM7","Havenogene","TGFB1","ICOSLG","VTN","ADSL","DLST","STC1","Havenogene","MAPKAPK3","GGH","SNAI2","Havenogene","RNF19A","USP11","BMP2","Havenogene","Havenogene","FCGR2B","CFTR","CA2","PDCD1","Havenogene"
"133","ACKR3","DDIT3","Havenogene","ARHGDIA","Havenogene","Havenogene","Havenogene","NPR2","CUL1","RNASEL","Havenogene","SQOR","ESRP2","KIF20A","Havenogene","CHRNG","Havenogene","Havenogene","VAMP8","ICAM2","Havenogene","Havenogene","GNAI2","Havenogene","Havenogene","RPN1","TUBB","YWHAQ","Havenogene","SFRP1","RASGRP1","ID2","SUCLA2","COX15","KIF20A","Havenogene","SLC7A11","GAL","SCN8A","Havenogene","BTG2","TIMP3","ICOS","Havenogene","Havenogene","GBP2","JAM3","SERPINA3","SLC16A7","Havenogene"
"134","KLF10","PRKCA","Havenogene","AURKA","Havenogene","Havenogene","Havenogene","REV3L","UPF1","EMP1","Havenogene","MTARC2","IGF1R","TOB1","Havenogene","PKIA","Havenogene","Havenogene","PFKP","CD274","Havenogene","Havenogene","CASP9","Havenogene","Havenogene","HSPA4","SMC6","VDAC1","Havenogene","PLOD3","IFITM1","ETFDH","SDHA","CYB5A","GYS2","Havenogene","SERTAD3","NTRK3","ATP2B1","Havenogene","SLC11A2","ACOX2","ALCAM","Havenogene","Havenogene","PRKCG","IP6K1","RGS16","KCNE2","Havenogene"
"135","MARCKS","SLC37A4","Havenogene","FBXO5","Havenogene","Havenogene","Havenogene","EDF1","DR1","CAV1","Havenogene","DLD","NBL1","FDFT1","Havenogene","NAV2","Havenogene","Havenogene","CD38","CDH15","Havenogene","Havenogene","XPNPEP1","Havenogene","Havenogene","NIBAN1","ZW10","SMARCC1","Havenogene","IL6","KCNJ2","HRG","XIST","ALAS1","SLC37A4","Havenogene","IRAK1","PPT1","FHL2","Havenogene","ADIPOR1","HNF4A","LTB","Havenogene","Havenogene","RPS9","HOXB1","CTSS","MFSD6","Havenogene"
"136","LAMB3","CXCR4","Havenogene","NUSAP1","Havenogene","Havenogene","Havenogene","GSDME","MNAT1","DNM1L","Havenogene","ITIH5","SFN","DNAJC1","Havenogene","HDAC5","Havenogene","Havenogene","ZBP1","SHC1","Havenogene","Havenogene","PLSCR1","Havenogene","Havenogene","TBK1","PA2G4","SNRPD2","Havenogene","APLP1","LY6E","TYR","OSTC","SLC25A4","LHPP","Havenogene","ABCC5","FGF18","KIT","Havenogene","ASNS","S100A1","ENPP1","Havenogene","Havenogene","MTIF2","Havenogene","USP12","KLHDC8A","Havenogene"
"137","CEBPB","EFNA3","Havenogene","PXN","Havenogene","Havenogene","Havenogene","TMED2","SMC2","ANXA1","Havenogene","CD302","OPN3","TPSAB1","Havenogene","ATP6AP1","Havenogene","Havenogene","BANK1","MPZL2","Havenogene","Havenogene","IRF7","Havenogene","Havenogene","SEC11A","SSRP1","HNRNPU","Havenogene","FBLN2","IL18R1","UPP1","GLUL","CPT1A","SDHC","Havenogene","UPP1","FKBP4","APBB2","Havenogene","DCUN1D1","GNB2","IL1RL1","Havenogene","Havenogene","GZMA","Havenogene","CPE","CNTFR","Havenogene"
"138","TRIP10","CP","Havenogene","BCAR1","Havenogene","Havenogene","Havenogene","STX3","RBM14","TOP2A","Havenogene","ATL2","ABHD2","GFUS","Havenogene","CLU","Havenogene","Havenogene","TOR1B","WNK4","Havenogene","Havenogene","CD55","Havenogene","Havenogene","BCAT1","NAP1L1","HDDC2","Havenogene","MSX1","IL10","BCAR1","CYP4A22","SLC25A20","NASP","Havenogene","CD81","STIP1","PIK3CD","Havenogene","ALDH1L1","ARF4","MYO1C","Havenogene","Havenogene","AARS1","Havenogene","SPARCL1","IL5","Havenogene"
"139","F2RL1","KLF7","Havenogene","CD2AP","Havenogene","Havenogene","Havenogene","RAE1","RPA2","ISG20","Havenogene","GPAT4","AR","FGFR3","Havenogene","ACSL1","Havenogene","Havenogene","RBCK1","NFASC","Havenogene","Havenogene","HSPA5","Havenogene","Havenogene","PSMB5","ANP32E","PSMD3","Havenogene","PTX3","KCNA3","CBR1","GABARAPL1","MTRR","AURKA","Havenogene","LIF","EIF5","DLC1","Havenogene","DCAF10","Havenogene","IFNGR1","Havenogene","Havenogene","CD96","Havenogene","ABCB1","NPHS1","Havenogene"
"140","KLF9","CCN2","Havenogene","AKAP13","Havenogene","Havenogene","Havenogene","UMPS","SQLE","SLC20A1","Havenogene","LPCAT3","SLC39A6","SGK1","Havenogene","COL1A1","Havenogene","Havenogene","PDE4B","PIK3R3","Havenogene","Havenogene","GNB2","Havenogene","Havenogene","PSMD13","HMGB3","RRM1","Havenogene","FZD8","HAS2","APOE","AQP7","COX17","B3GNT3","Havenogene","RPL36","ENO2","MT1E","Havenogene","YPEL5","Havenogene","PLIN2","Havenogene","Havenogene","CSK","Havenogene","USH1C","SCGB1A1","Havenogene"
"141","LDLR","CHST3","Havenogene","HDAC6","Havenogene","Havenogene","Havenogene","EIF1B","ORC6","MADD","Havenogene","TKT","SYT12","ID2","Havenogene","MRAS","Havenogene","Havenogene","MVP","SDC3","Havenogene","Havenogene","DYRK2","Havenogene","Havenogene","PGM1","IPO7","SF3A1","Havenogene","JUN","DCBLD2","SLC12A4","CYP1A1","CYB5R3","ISG20","Havenogene","FAM162A","GPX3","DBP","Havenogene","SEC14L1","Havenogene","IL18R1","Havenogene","Havenogene","HIF1A","Havenogene","CSF2RA","CCDC106","Havenogene"
"142","TGIF1","TPD52","Havenogene","CEP131","Havenogene","Havenogene","Havenogene","AK3","CDK4","PPP2R5B","Havenogene","UQCRC1","CD44","GALE","Havenogene","PDE4DIP","Havenogene","Havenogene","IL7","SIRPA","Havenogene","Havenogene","PLA2G7","Havenogene","Havenogene","PLK1","RAD21","LSM7","Havenogene","FERMT2","LAMP3","TMEM97","PRDX6","TOMM22","LDHC","Havenogene","RNF19B","PRKACA","HAS2","Havenogene","USP15","Havenogene","AHNAK","Havenogene","Havenogene","CCL2","Havenogene","BTBD3","PAX3","Havenogene"
"143","RNF19B","LXN","Havenogene","LLGL1","Havenogene","Havenogene","Havenogene","NUDT21","POLE","BCAP31","Havenogene","CAT","MED24","BATF","Havenogene","AGL","Havenogene","Havenogene","BPGM","GRB7","Havenogene","Havenogene","S100A12","Havenogene","Havenogene","GLRX","CDK4","ERH","Havenogene","DKK1","VIP","SLC46A3","ERP29","ACAT1","ARPP19","Havenogene","CDK5R1","PRKCD","SLC22A18","Havenogene","RIOK3","Havenogene","PRKCH","Havenogene","Havenogene","ICOSLG","Havenogene","IL2RG","VPREB1","Havenogene"
"144","DRAM1","B4GALNT2","Havenogene","ATG4B","Havenogene","Havenogene","Havenogene","RBX1","RASAL2","ERBB3","Havenogene","OMD","BCL11B","MAPK13","Havenogene","ERBB3","Havenogene","Havenogene","CMTR1","FLNC","Havenogene","Havenogene","GRB2","Havenogene","Havenogene","COPS5","CDKN1A","RPL14","Havenogene","SNAI2","CD70","PTGDS","H2AZ1","MRPS11","CENPA","Havenogene","STEAP3","STARD3","ICA1","Havenogene","SIDT2","Havenogene","TNFRSF8","Havenogene","Havenogene","NPM1","Havenogene","DNMBP","TSHB","Havenogene"
"145","B4GALT1","PPARGC1A","Havenogene","PCNT","Havenogene","Havenogene","Havenogene","SRSF6","HOXC10","NEDD9","Havenogene","DLAT","CANT1","FABP5","Havenogene","GABARAPL2","Havenogene","Havenogene","AUTS2","PARD6G","Havenogene","Havenogene","PHEX","Havenogene","Havenogene","ETF1","BRMS1L","PSMB3","Havenogene","DST","RGS1","MPP2","GAPDHS","ATP6V0C","HOMER1","Havenogene","PITPNC1","MARK2","Havenogene","Havenogene","FOXJ2","Havenogene","SYNGR2","Havenogene","Havenogene","IL4R","Havenogene","IL10RA","CACNA1F","Havenogene"
"146","DNAJB4","BCL2","Havenogene","ALMS1","Havenogene","Havenogene","Havenogene","GMPR2","RPS6KA5","SAT1","Havenogene","MRPL15","KRT13","MEST","Havenogene","CAV3","Havenogene","Havenogene","B2M","COL9A1","Havenogene","Havenogene","GNGT2","Havenogene","Havenogene","GSK3B","CTPS1","IFRD1","Havenogene","TPM4","SLC31A1","PTGR1","DHCR24","PDK4","BIK","Havenogene","SLC35D1","SLC6A12","Havenogene","Havenogene","TCEA1","Havenogene","GALM","Havenogene","Havenogene","CCL11","Havenogene","EREG","AKR1B10","Havenogene"
"147","CSF2","GCNT2","Havenogene","KPTN","Havenogene","Havenogene","Havenogene","DCTN4","CUL4A","PDCD4","Havenogene","RIOK3","KRT15","JAK1","Havenogene","BHLHE40","Havenogene","Havenogene","RIPK2","NRXN2","Havenogene","Havenogene","DOCK4","Havenogene","Havenogene","NUP205","RAD50","NCBP2","Havenogene","DCN","ADRM1","AQP9","GAD2","TIMM10","CYB5A","Havenogene","TPRKB","SQSTM1","Havenogene","Havenogene","VEZF1","Havenogene","POU2F1","Havenogene","Havenogene","NME1","Havenogene","PRELID3B","P2RX6","Havenogene"
"148","PDE4B","HAS1","Havenogene","DST","Havenogene","Havenogene","Havenogene","COX17","SLC7A1","BCL2L2","Havenogene","RTN3","TOB1","CYP4F11","Havenogene","PPP1R3C","Havenogene","Havenogene","CD69","MAP3K20","Havenogene","Havenogene","MMP12","Havenogene","Havenogene","SORD","TRA2B","GLO1","Havenogene","GJA1","KCNMB2","EPHA2","PTPRG","LDHA","HAX1","Havenogene","RRP8","PTPRD","Havenogene","Havenogene","LPIN2","Havenogene","EOMES","Havenogene","Havenogene","FLNA","Havenogene","EPHB2","KRT15","Havenogene"
"149","SNN","KLHL24","Havenogene","KIFAP3","Havenogene","Havenogene","Havenogene","CMPK2","FOXN3","FEZ1","Havenogene","CHUK","SLC7A2","KCNK5","Havenogene","LARGE1","Havenogene","Havenogene","MYD88","SLC30A3","Havenogene","Havenogene","KCNIP3","Havenogene","Havenogene","PHGDH","CSE1L","NDUFAB1","Havenogene","PMP22","SERPINE1","PSMB10","IL4I1","ECI1","COG2","Havenogene","IL1A","MAPK8IP2","Havenogene","Havenogene","PC","Havenogene","NOP2","Havenogene","Havenogene","GPR65","Havenogene","FBXO4","PAX4","Havenogene"
"150","PLEK","SCARB1","Havenogene","PPP4R2","Havenogene","Havenogene","Havenogene","CCNO","HMGA1","ERBB2","Havenogene","G3BP2","LAD1","CPE","Havenogene","LPIN1","Havenogene","Havenogene","PSMA2","RHOF","Havenogene","Havenogene","FDX1","Havenogene","Havenogene","GMPS","PAICS","CUL1","Havenogene","IGFBP4","MXD1","FAS","TP53INP2","MRPL11","IL13RA1","Havenogene","PMM1","CDK2","Havenogene","Havenogene","HBBP1","Havenogene","PTRH2","Havenogene","Havenogene","ACHE","Havenogene","CROT","BTG2","Havenogene"
"151","STAT5A","SLC25A1","Havenogene","ARHGAP29","Havenogene","Havenogene","Havenogene","Havenogene","SS18","DNAJA1","Havenogene","SDHC","TUBB2B","XRCC3","Havenogene","CDH13","Havenogene","Havenogene","PIM1","BMP1","Havenogene","Havenogene","TIMP2","Havenogene","Havenogene","RRP9","STAG1","NHP2","Havenogene","COPA","AXL","ACOX1","PDHA1","FXN","NOL3","Havenogene","TPD52L1","ONECUT1","Havenogene","Havenogene","CDR2","Havenogene","RHOH","Havenogene","Havenogene","EIF3D","Havenogene","MPZL2","GPR3","Havenogene"
"152","DENND5A","SDC2","Havenogene","RASAL2","Havenogene","Havenogene","Havenogene","Havenogene","TRAIP","DAP3","Havenogene","SAMM50","TBC1D30","CXCL14","Havenogene","NQO1","Havenogene","Havenogene","NOD1","MMP2","Havenogene","Havenogene","MMP8","Havenogene","Havenogene","EEF1E1","LUC7L3","CLNS1A","Havenogene","LRP1","MEFV","GART","RAP1GDS1","MRPS12","CLDN3","Havenogene","IFI30","RFC4","Havenogene","Havenogene","CCND3","Havenogene","CDC6","Havenogene","Havenogene","IGSF6","Havenogene","ANKH","GRID2","Havenogene"
"153","CCND1","CASP6","Havenogene","CCNB2","Havenogene","Havenogene","Havenogene","Havenogene","PRMT5","DPYD","Havenogene","ARL4A","SEC14L2","SCUBE2","Havenogene","PRNP","Havenogene","Havenogene","CFH","ICAM5","Havenogene","Havenogene","FCER1G","Havenogene","Havenogene","LTA4H","PPM1D","TRIM28","Havenogene","ITGA2","PVR","HPRT1","CEL","COX10","AGRN","Havenogene","GM2A","CA2","Havenogene","Havenogene","SLC25A38","Havenogene","MYO1E","Havenogene","Havenogene","F2R","Havenogene","CBR4","TCL1A","Havenogene"
"154","RIGI","VHL","Havenogene","PIF1","Havenogene","Havenogene","Havenogene","Havenogene","CUL5","NEFH","Havenogene","SNCG","ENDOD1","CDC20","Havenogene","PSEN2","Havenogene","Havenogene","TAPBP","VWF","Havenogene","Havenogene","RBSN","Havenogene","Havenogene","SDF2L1","NME1","RSL1D1","Havenogene","FLNA","CCL24","PGD","BLVRA","RHOT1","CLN6","Havenogene","RPS12","TACR3","Havenogene","Havenogene","TENT5C","Havenogene","CXCL10","Havenogene","Havenogene","IL13","Havenogene","DOCK2","PLAG1","Havenogene"
"155","SPHK1","FOXO3","Havenogene","RASA2","Havenogene","Havenogene","Havenogene","Havenogene","DDX39A","PAK1","Havenogene","PDCD4","HR","IL6ST","Havenogene","DAPK2","Havenogene","Havenogene","SLC25A28","MYH9","Havenogene","Havenogene","ANXA5","Havenogene","Havenogene","FKBP2","SRSF2","HNRNPC","Havenogene","MFAP5","PDE4B","ABCC3","SERINC1","ACAA1","TXN","Havenogene","EPS8L2","AMD1","Havenogene","Havenogene","FBXO34","Havenogene","SNX14","Havenogene","Havenogene","TAP1","Havenogene","GPRC5B","PKP1","Havenogene"
"156","CD80","PDGFB","Havenogene","NEDD9","Havenogene","Havenogene","Havenogene","Havenogene","MARCKS","FDXR","Havenogene","COQ9","SCARB1","GINS2","Havenogene","LSP1","Havenogene","Havenogene","PTPN1","CD209","Havenogene","Havenogene","CTSV","Havenogene","Havenogene","RDH11","XPO1","COPS5","Havenogene","PTHLH","LCP2","SMOX","BMPR1B","ACADSB","PAM","Havenogene","TM4SF1","HNRNPU","Havenogene","Havenogene","BACH1","Havenogene","IRF6","Havenogene","Havenogene","DARS1","Havenogene","RABGAP1L","IRS4","Havenogene"
"157","TNFAIP8","B3GALT6","Havenogene","SMC1A","Havenogene","Havenogene","Havenogene","Havenogene","PBK","GPX4","Havenogene","APLP2","NCOR2","TRIM29","Havenogene","SLC6A8","Havenogene","Havenogene","TNFAIP3","VCAM1","Havenogene","Havenogene","GCA","Havenogene","Havenogene","CXCR4","HNRNPD","XRCC6","Havenogene","TGFBR3","PDPN","TTPA","RDH11","LDHB","CAPN5","Havenogene","BLCAP","WIZ","Havenogene","Havenogene","NR3C1","Havenogene","IL10RA","Havenogene","Havenogene","IRF7","Havenogene","MALL","IL12B","Havenogene"
"158","CCNL1","SLC2A5","Havenogene","ACTN4","Havenogene","Havenogene","Havenogene","Havenogene","ORC5","ETF1","Havenogene","SOD1","RHOD","UNC13B","Havenogene","REEP1","Havenogene","Havenogene","SSPN","DHX16","Havenogene","Havenogene","EHD1","Havenogene","Havenogene","MLLT11","PMS2","SLC25A3","Havenogene","SFRP4","IRF7","HES6","ENO2","MRPS30","PKP2","Havenogene","MKNK2","CCK","Havenogene","Havenogene","AQP3","Havenogene","MAP6","Havenogene","Havenogene","ACVR2A","Havenogene","STRN","EPHA5","Havenogene"
"159","FUT4","SRPX","Havenogene","PKD2","Havenogene","Havenogene","Havenogene","Havenogene","SAP30","CCNA1","Havenogene","PTCD3","INPP5F","LAMC2","Havenogene","EIF4A2","Havenogene","Havenogene","NUP93","ACTG2","Havenogene","Havenogene","PRSS3","Havenogene","Havenogene","GCLC","ASF1A","MRPL9","Havenogene","LGALS1","MET","GCNT2","Havenogene","ATP1B1","ABCB6","Havenogene","CD82","Havenogene","Havenogene","Havenogene","TRIM58","Havenogene","TNFSF10","Havenogene","Havenogene","CXCR3","Havenogene","ST6GAL1","SOX10","Havenogene"
"160","CCRL2","EFNA1","Havenogene","CLIP2","Havenogene","Havenogene","Havenogene","Havenogene","KATNA1","GUCY2D","Havenogene","PHLDB1","PPIF","LARGE1","Havenogene","SH2B1","Havenogene","Havenogene","MTHFD2","NEGR1","Havenogene","Havenogene","COL4A2","Havenogene","Havenogene","TCEA1","EXOSC8","POLE3","Havenogene","RGS4","ATP2A2","MAN1A1","Havenogene","BDH2","DCN","Havenogene","RACK1","Havenogene","Havenogene","Havenogene","LMO2","Havenogene","SPRED2","Havenogene","Havenogene","PRKCB","Havenogene","PIGR","SNN","Havenogene"
"161","SPSB1","GLRX","Havenogene","CDC42","Havenogene","Havenogene","Havenogene","Havenogene","HNRNPD","AVPR1A","Havenogene","ENPP2","DHRS3","SLC2A8","Havenogene","MYBPC3","Havenogene","Havenogene","CDKN1A","NF1","Havenogene","Havenogene","CSRP1","Havenogene","Havenogene","MAP2K3","MLH1","POLD2","Havenogene","CDH6","SLC31A2","IGFBP1","Havenogene","SLC25A12","GMPPA","Havenogene","ST14","Havenogene","Havenogene","Havenogene","PICALM","Havenogene","SELL","Havenogene","Havenogene","CXCL9","Havenogene","VWA5A","CACNG1","Havenogene"
"162","TSC22D1","ACKR3","Havenogene","NDC80","Havenogene","Havenogene","Havenogene","Havenogene","POLA2","Havenogene","Havenogene","HSPB8","FDFT1","PLXNB1","Havenogene","ITGA7","Havenogene","Havenogene","IRF4","ADAM23","Havenogene","Havenogene","PIK3R5","Havenogene","Havenogene","HSPD1","NUP107","H2AZ1","Havenogene","SAT1","FZD5","ITIH4","Havenogene","TIMM50","BPNT1","Havenogene","TCHH","Havenogene","Havenogene","Havenogene","NCOA4","Havenogene","SERPINC1","Havenogene","Havenogene","PTPN6","Havenogene","PSMB8","SPHK2","Havenogene"
"163","B4GALT5","PAM","Havenogene","TLK1","Havenogene","Havenogene","Havenogene","Havenogene","HIRA","Havenogene","Havenogene","AIFM1","GAB2","PRKAR2B","Havenogene","SPTAN1","Havenogene","Havenogene","NFKB1","PLCG1","Havenogene","Havenogene","SERPINC1","Havenogene","Havenogene","SYTL2","ORC2","AIMP2","Havenogene","NT5E","ITGA5","PROS1","Havenogene","MRPL34","ANG","Havenogene","HDAC3","Havenogene","Havenogene","Havenogene","GDE1","Havenogene","CDCP1","Havenogene","Havenogene","NCF4","Havenogene","F13A1","IGFBP2","Havenogene"
"164","SIK1","TGFBI","Havenogene","TAOK2","Havenogene","Havenogene","Havenogene","Havenogene","HIF1A","Havenogene","Havenogene","CCNG2","UNC119","RPS6KA2","Havenogene","SORBS3","Havenogene","Havenogene","BATF2","KCNH2","Havenogene","Havenogene","ANG","Havenogene","Havenogene","MCM4","TP53","NOP56","Havenogene","DPYSL3","SGMS2","TPST1","Havenogene","ISCA1","GPR87","Havenogene","CCNK","Havenogene","Havenogene","Havenogene","SLC6A9","Havenogene","RORA","Havenogene","Havenogene","UBE2D1","Havenogene","NRP1","CAPN9","Havenogene"
"165","CLCF1","DCN","Havenogene","TBCD","Havenogene","Havenogene","Havenogene","Havenogene","SYNCRIP","Havenogene","Havenogene","PPP1R15B","KLF10","HSPA4L","Havenogene","PC","Havenogene","Havenogene","HLA-B","CERCAM","Havenogene","Havenogene","APOBEC3F","Havenogene","Havenogene","PPP1R15A","TFRC","PRDX3","Havenogene","PPIB","MARCO","LEAP2","Havenogene","MRPL35","GAL3ST1","Havenogene","RHBDF2","Havenogene","Havenogene","Havenogene","NNT","Havenogene","COCH","Havenogene","Havenogene","LIF","Havenogene","SOX9","TCF7L1","Havenogene"
"166","NFE2L2","SIAH2","Havenogene","CAPZB","Havenogene","Havenogene","Havenogene","Havenogene","TLE3","Havenogene","Havenogene","MDH2","HES1","TFPI2","Havenogene","SCD","Havenogene","Havenogene","LATS2","NRTN","Havenogene","Havenogene","GATA3","Havenogene","Havenogene","USO1","HMGA1","MRPS18B","Havenogene","TGM2","CD14","NFS1","Havenogene","IDH1","ALDH7A1","Havenogene","NUDT15","Havenogene","Havenogene","Havenogene","ARHGEF12","Havenogene","CSF1","Havenogene","Havenogene","CCR1","Havenogene","JUP","TGFB2","Havenogene"
"167","FOSB","PLAC8","Havenogene","DOCK2","Havenogene","Havenogene","Havenogene","Havenogene","NCL","Havenogene","Havenogene","ABCA1","FKBP5","SERPINA1","Havenogene","GNAO1","Havenogene","Havenogene","IRF5","IKBKG","Havenogene","Havenogene","DUSP5","Havenogene","Havenogene","NFKBIB","PSIP1","EPRS1","Havenogene","SGCG","EIF2AK2","PGRMC1","Havenogene","HSPA9","NT5E","Havenogene","TGFA","Havenogene","Havenogene","Havenogene","PPP2R5B","Havenogene","F2RL2","Havenogene","Havenogene","MBL2","Havenogene","ADGRL4","SMPX","Havenogene"
"168","PER1","FBP1","Havenogene","CTTN","Havenogene","Havenogene","Havenogene","Havenogene","RAD23B","Havenogene","Havenogene","COX7B","SLC2A1","TNNC1","Havenogene","STC2","Havenogene","Havenogene","SLAMF7","DSC3","Havenogene","Havenogene","CASP3","Havenogene","Havenogene","UNG","DDX39A","KPNA2","Havenogene","ITGB3","ROS1","CYP17A1","Havenogene","MRPL15","IDH1","Havenogene","ISCU","Havenogene","Havenogene","Havenogene","C3","Havenogene","UCK2","Havenogene","Havenogene","DEGS1","Havenogene","ZNF277","LYPD3","Havenogene"
"169","NFAT5","TPST2","Havenogene","SMC4","Havenogene","Havenogene","Havenogene","Havenogene","E2F2","Havenogene","Havenogene","MYLK","AMFR","HMGCS2","Havenogene","CFD","Havenogene","Havenogene","ISOC1","ACTB","Havenogene","Havenogene","USP16","Havenogene","Havenogene","GTF2H1","SNRPB","HSP90AB1","Havenogene","PDLIM4","ATP2C1","ARPP19","Havenogene","MRPS15","PYGL","Havenogene","LDHB","Havenogene","Havenogene","Havenogene","MARCHF2","Havenogene","CA2","Havenogene","Havenogene","TPD52","Havenogene","EPB41L3","PNMT","Havenogene"
"170","ATP2B1","PHKG1","Havenogene","ARFGEF1","Havenogene","Havenogene","Havenogene","Havenogene","EGF","Havenogene","Havenogene","COX8A","NADSYN1","ALDH3A2","Havenogene","RB1","Havenogene","Havenogene","P2RY14","TUBG1","Havenogene","Havenogene","CP","Havenogene","Havenogene","RPA1","CDKN1B","RPL34","Havenogene","CTHRC1","NDP","SERTAD1","Havenogene","TOMM70","NDUFV3","Havenogene","TNNI1","Havenogene","Havenogene","Havenogene","UCP2","Havenogene","IFITM3","Havenogene","Havenogene","AKT1","Havenogene","PCSK1N","SYNPO","Havenogene"
"171","IL12B","MYH9","Havenogene","TUBA4A","Havenogene","Havenogene","Havenogene","Havenogene","HMGN2","Havenogene","Havenogene","DHRS7B","INHBB","CD9","Havenogene","BAG1","Havenogene","Havenogene","STAT3","PPP2R2C","Havenogene","Havenogene","PSEN1","Havenogene","Havenogene","HSP90B1","MTHFD2","SRPK1","Havenogene","ECM2","BTG2","ARG2","Havenogene","TCIRG1","NDST3","Havenogene","FGF13","Havenogene","Havenogene","Havenogene","SYNJ1","Havenogene","UMPS","Havenogene","Havenogene","RIPK2","Havenogene","FUCA1","MX1","Havenogene"
"172","IL6ST","CDKN1C","Havenogene","LMNB1","Havenogene","Havenogene","Havenogene","Havenogene","SRSF10","Havenogene","Havenogene","MIGA2","BHLHE40","IDH2","Havenogene","ABLIM1","Havenogene","Havenogene","NCOA3","HRAS","Havenogene","Havenogene","LIPA","Havenogene","Havenogene","ERO1A","WEE1","MAD2L1","Havenogene","CRLF1","MSR1","HNF4A","Havenogene","ISCU","PPP2CB","Havenogene","RXRA","Havenogene","Havenogene","Havenogene","FN3K","Havenogene","HUWE1","Havenogene","Havenogene","IKBKB","Havenogene","PLVAP","IFNG","Havenogene"
"173","SLC16A6","GRHPR","Havenogene","ABI1","Havenogene","Havenogene","Havenogene","Havenogene","SNRPD1","Havenogene","Havenogene","MGLL","CALB2","SORD","Havenogene","PTGIS","Havenogene","Havenogene","HLA-A","MMP9","Havenogene","Havenogene","PCSK9","Havenogene","Havenogene","GSR","PRDX4","DHX15","Havenogene","AREG","PTPRE","REG1A","Havenogene","POLR2F","PSMC4","Havenogene","APP","Havenogene","Havenogene","Havenogene","ABCG2","Havenogene","COL6A1","Havenogene","Havenogene","GCNT1","Havenogene","ADAM17","NR6A1","Havenogene"
"174","ABCA1","PCK1","Havenogene","ROCK1","Havenogene","Havenogene","Havenogene","Havenogene","CASP8AP2","Havenogene","Havenogene","ITSN1","FASN","MDK","Havenogene","MAPRE3","Havenogene","Havenogene","IL6","TNFRSF11B","Havenogene","Havenogene","DGKG","Havenogene","Havenogene","PITPNB","PHF5A","MCM4","Havenogene","IL15","RNF144B","CCL25","Havenogene","NQO2","TPBG","Havenogene","F2R","Havenogene","Havenogene","Havenogene","DAAM1","Havenogene","ABCB1","Havenogene","Havenogene","SOCS5","Havenogene","AVL9","ACTC1","Havenogene"
"175","HES1","INHA","Havenogene","CEP192","Havenogene","Havenogene","Havenogene","Havenogene","SMARCC1","Havenogene","Havenogene","DHCR7","CHPT1","ALDH3B1","Havenogene","OCEL1","Havenogene","Havenogene","GZMA","PKD1","Havenogene","Havenogene","GNG2","Havenogene","Havenogene","EPRS1","TBRG4","RPS5","Havenogene","MCM7","PCDH7","PEMT","Havenogene","NDUFC2","TGFBI","Havenogene","CLCA2","Havenogene","Havenogene","Havenogene","AGPAT4","Havenogene","RNH1","Havenogene","Havenogene","IRF8","Havenogene","ADAMDEC1","RSAD2","Havenogene"
"176","BCL6","HSPA5","Havenogene","BUB1","Havenogene","Havenogene","Havenogene","Havenogene","SLC12A2","Havenogene","Havenogene","RREB1","MYBBP1A","PTGER3","Havenogene","SH3BGR","Havenogene","Havenogene","IFNAR2","CDK8","Havenogene","Havenogene","ME1","Havenogene","Havenogene","SRD5A1","SHMT1","CCT7","Havenogene","GAS1","SPHK1","ACO2","Havenogene","MRPS22","GALK2","Havenogene","CGRRF1","Havenogene","Havenogene","Havenogene","CCDC28A","Havenogene","IRF8","Havenogene","Havenogene","TAP2","Havenogene","HKDC1","ADRA2C","Havenogene"
"177","IRS2","NDST2","Havenogene","GEMIN4","Havenogene","Havenogene","Havenogene","Havenogene","NOTCH2","Havenogene","Havenogene","CMBL","ELOVL5","RABEP1","Havenogene","NOTCH1","Havenogene","Havenogene","CD74","FYB1","Havenogene","Havenogene","GMFB","Havenogene","Havenogene","TUBG1","PRPS1","HDGF","Havenogene","PRSS2","IL18RAP","LONP1","Havenogene","POR","CTH","Havenogene","CSRNP2","Havenogene","Havenogene","Havenogene","GMPS","Havenogene","GUCY1B1","Havenogene","Havenogene","EIF4G3","Havenogene","MAP7","BARD1","Havenogene"
"178","SLC2A3","NEDD4L","Havenogene","PLEKHG2","Havenogene","Havenogene","Havenogene","Havenogene","TNPO2","Havenogene","Havenogene","UBC","DYNLT3","KLF4","Havenogene","TSC2","Havenogene","Havenogene","RAPGEF6","AMIGO1","Havenogene","Havenogene","SCG3","Havenogene","Havenogene","MTHFD2L","DIAPH3","RPS6","Havenogene","CADM1","RTP4","NMT1","Havenogene","ATP6V0E1","KIF2A","Havenogene","ACVR1B","Havenogene","Havenogene","Havenogene","ACP5","Havenogene","AHCY","Havenogene","Havenogene","ABI1","Havenogene","IL7R","HTR1B","Havenogene"
"179","CEBPD","TPBG","Havenogene","RICTOR","Havenogene","Havenogene","Havenogene","Havenogene","SMAD3","Havenogene","Havenogene","ATP5PO","ABLIM1","PPIF","Havenogene","TGFB1","Havenogene","Havenogene","CASP4","CD276","Havenogene","Havenogene","PPP4C","Havenogene","Havenogene","ADIPOR2","NUP153","SNRPB2","Havenogene","OXTR","RAF1","PTGES3","Havenogene","PHYH","CACNA1H","Havenogene","BMP2","Havenogene","Havenogene","Havenogene","SLC10A3","Havenogene","PRAF2","Havenogene","Havenogene","CCL7","Havenogene","RBM4","FGF16","Havenogene"
"180","IL23A","XPNPEP1","Havenogene","BCL2L11","Havenogene","Havenogene","Havenogene","Havenogene","MAP3K20","Havenogene","Havenogene","PRDX3","SOX3","SNX10","Havenogene","FDPS","Havenogene","Havenogene","FAS","GAMT","Havenogene","Havenogene","CCL5","Havenogene","Havenogene","NUFIP1","PSMC3IP","PSMC4","Havenogene","SCG2","CHST2","F10","Havenogene","MPC1","ANKZF1","Havenogene","GPX2","Havenogene","Havenogene","Havenogene","ALDH6A1","Havenogene","GSTO1","Havenogene","Havenogene","IL2RB","Havenogene","BPGM","TENM2","Havenogene"
"181","SMAD3","IL6","Havenogene","DYNC1H1","Havenogene","Havenogene","Havenogene","Havenogene","HSPA8","Havenogene","Havenogene","DBT","SLC24A3","METTL3","Havenogene","CAMK2B","Havenogene","Havenogene","OGFR","NLGN3","Havenogene","Havenogene","CTSH","Havenogene","Havenogene","CDC25A","XRCC6","CDC20","Havenogene","CXCL6","ITGB3","TAT","Havenogene","GPI","SAP30","Havenogene","KRT17","Havenogene","Havenogene","Havenogene","CIR1","Havenogene","TWSG1","Havenogene","Havenogene","BRCA1","Havenogene","ENG","CDKAL1","Havenogene"
"182","TAP1","SLC6A6","Havenogene","FSCN1","Havenogene","Havenogene","Havenogene","Havenogene","G3BP1","Havenogene","Havenogene","NDUFS3","RAB17","PLK4","Havenogene","EPHB3","Havenogene","Havenogene","ARL4A","SKAP2","Havenogene","Havenogene","F8","Havenogene","Havenogene","PDAP1","PNN","TUFM","Havenogene","MMP1","KIF1B","MARCHF6","Havenogene","AFG3L2","RBCK1","Havenogene","TM7SF3","Havenogene","Havenogene","Havenogene","RBM5","Havenogene","CDC42SE2","Havenogene","Havenogene","FGR","Havenogene","GFPT2","SHOX2","Havenogene"
"183","MSC","MAP3K1","Havenogene","ARHGEF7","Havenogene","Havenogene","Havenogene","Havenogene","PTTG3P","Havenogene","Havenogene","NKIRAS1","MAST4","COX6C","Havenogene","GADD45B","Havenogene","Havenogene","SRI","RRAS","Havenogene","Havenogene","APOA4","Havenogene","Havenogene","STARD4","HUS1","RRP9","Havenogene","TNFAIP3","SELE","JUP","Havenogene","HSD17B10","ELF3","Havenogene","ZBTB16","Havenogene","Havenogene","Havenogene","HTRA2","Havenogene","PLAGL1","Havenogene","Havenogene","IL18RAP","Havenogene","PLAU","SGK1","Havenogene"
"184","IFIH1","LDHC","Havenogene","DYNLL2","Havenogene","Havenogene","Havenogene","Havenogene","DMD","Havenogene","Havenogene","RAB34","KCNK5","ST14","Havenogene","APP","Havenogene","Havenogene","LYSMD2","CAP1","Havenogene","Havenogene","IL6","Havenogene","Havenogene","BUB1","RBBP7","CDC45","Havenogene","CAPG","NOD2","ACP1","Havenogene","CASP7","RPE","Havenogene","PTPN14","Havenogene","Havenogene","Havenogene","IGSF3","Havenogene","APLP1","Havenogene","Havenogene","MRPL3","Havenogene","GNG11","RIBC2","Havenogene"
"185","IL15RA","AKAP12","Havenogene","MYO1E","Havenogene","Havenogene","Havenogene","Havenogene","MEIS1","Havenogene","Havenogene","CIDEA","ELF1","NCOR2","Havenogene","APLNR","Havenogene","Havenogene","CSF2RB","EXOC4","Havenogene","Havenogene","AKAP10","Havenogene","Havenogene","ARPC5L","PDS5B","TYMS","Havenogene","CAP2","C5AR1","MBL2","Havenogene","PRDX3","B4GALT4","Havenogene","TSPYL2","Havenogene","Havenogene","Havenogene","BTRC","Havenogene","PLPP1","Havenogene","Havenogene","CXCL13","Havenogene","PTCD2","SKIL","Havenogene"
"186","TNIP2","TES","Havenogene","BIN1","Havenogene","Havenogene","Havenogene","Havenogene","HNRNPU","Havenogene","Havenogene","UQCRQ","RPS6KA2","MOCS2","Havenogene","ITGB4","Havenogene","Havenogene","ST3GAL5","ACTA1","Havenogene","Havenogene","ERAP2","Havenogene","Havenogene","GPI","NOP56","ILF2","Havenogene","MXRA5","EMP3","TGFB2","Havenogene","MGST3","DEPDC1","Havenogene","SLC3A2","Havenogene","Havenogene","Havenogene","PGLS","Havenogene","SPRY4","Havenogene","Havenogene","CAPG","Havenogene","MAP3K1","NGB","Havenogene"
"187","BCL3","KIF5A","Havenogene","NOTCH2","Havenogene","Havenogene","Havenogene","Havenogene","SRSF2","Havenogene","Havenogene","PEX14","ISG20L2","NMU","Havenogene","SOD3","Havenogene","Havenogene","C1R","TIAL1","Havenogene","Havenogene","VCPIP1","Havenogene","Havenogene","EIF2S2","MXD3","VDAC3","Havenogene","FOXC2","CLEC5A","ENPEP","Havenogene","HTRA2","RRAGD","Havenogene","S100A4","Havenogene","Havenogene","Havenogene","SLC66A2","Havenogene","SCN9A","Havenogene","Havenogene","EIF5A","Havenogene","CBL","ASB7","Havenogene"
"188","PANX1","LALBA","Havenogene","RFC1","Havenogene","Havenogene","Havenogene","Havenogene","MT2A","Havenogene","Havenogene","BCL6","IL6ST","TH","Havenogene","FOXO4","Havenogene","Havenogene","CASP3","LDLRAP1","Havenogene","Havenogene","HSPA1A","Havenogene","Havenogene","CD9","PPP1R8","IMPDH2","Havenogene","NTM","TACR3","HSD17B2","Havenogene","BCKDHA","IER3","Havenogene","GLS2","Havenogene","Havenogene","Havenogene","SDCBP","Havenogene","SHE","Havenogene","Havenogene","RPS3A","Havenogene","CXCR4","MYO15A","Havenogene"
"189","FJX1","COL5A1","Havenogene","PDLIM5","Havenogene","Havenogene","Havenogene","Havenogene","NUP98","Havenogene","Havenogene","COX6A1","SYNGR1","RNASEH2A","Havenogene","EFS","Havenogene","Havenogene","CMKLR1","VAV2","Havenogene","Havenogene","RAF1","Havenogene","Havenogene","ATP2A2","GSPT1","SF3B3","Havenogene","ENO2","SLC4A4","ANGPTL3","Havenogene","LRPPRC","ALDH9A1","Havenogene","CCND3","Havenogene","Havenogene","Havenogene","LRP10","Havenogene","PDCD2L","Havenogene","Havenogene","GALNT1","Havenogene","NIN","SLC5A5","Havenogene"
"190","EDN1","GPC1","Havenogene","RHOT2","Havenogene","Havenogene","Havenogene","Havenogene","EWSR1","Havenogene","Havenogene","DNAJB9","SH3BP5","CHST8","Havenogene","PFKM","Havenogene","Havenogene","NFKBIA","AKT3","Havenogene","Havenogene","NOTCH4","Havenogene","Havenogene","GGA2","CDKN2A","NOP16","Havenogene","FAS","MEP1A","PC","Havenogene","RETSAT","DLD","Havenogene","PRMT2","Havenogene","Havenogene","Havenogene","NEK7","Havenogene","CCND3","Havenogene","Havenogene","ST8SIA4","Havenogene","IKZF1","KRT5","Havenogene"
"191","EIF1","HDLBP","Havenogene","SORBS2","Havenogene","Havenogene","Havenogene","Havenogene","KIF5B","Havenogene","Havenogene","MAP4K3","ALDH3B1","TST","Havenogene","COL6A2","Havenogene","Havenogene","METTL7B","SYMPK","Havenogene","Havenogene","ADRA2B","Havenogene","Havenogene","HMBS","AK2","SRSF7","Havenogene","BDNF","SELENOS","PDLIM5","Havenogene","ECH1","MERTK","Havenogene","NHLH2","Havenogene","Havenogene","Havenogene","ARL2BP","Havenogene","LRIG1","Havenogene","Havenogene","CCL13","Havenogene","WDR33","ZNF112","Havenogene"
"192","BMP2","ILVBL","Havenogene","CDC42EP1","Havenogene","Havenogene","Havenogene","Havenogene","MTF2","Havenogene","Havenogene","ANGPT1","THSD4","TOP2A","Havenogene","DTNA","Havenogene","Havenogene","ST8SIA4","STX4","Havenogene","Havenogene","CEBPB","Havenogene","Havenogene","RIT1","CIT","GNL3","Havenogene","ADAM12","LTA","CYP2E1","Havenogene","RHOT2","GCLC","Havenogene","BAIAP2","Havenogene","Havenogene","Havenogene","ENDOD1","Havenogene","SWAP70","Havenogene","Havenogene","RPL3L","Havenogene","MYCN","TFAP2B","Havenogene"
"193","DUSP4","NCAN","Havenogene","VCL","Havenogene","Havenogene","Havenogene","Havenogene","E2F4","Havenogene","Havenogene","UBQLN1","CLIC3","CKB","Havenogene","KIFC3","Havenogene","Havenogene","XCL1","PECAM1","Havenogene","Havenogene","HNF4A","Havenogene","Havenogene","SKAP2","ING3","EXOSC7","Havenogene","PVR","PIK3R5","BCAT1","Havenogene","BAX","FKBP4","Havenogene","RETSAT","Havenogene","Havenogene","Havenogene","P4HA2","Havenogene","SLC39A8","Havenogene","Havenogene","LY75","Havenogene","FCER1G","VPS50","Havenogene"
"194","PDLIM5","TGM2","Havenogene","CLIP1","Havenogene","Havenogene","Havenogene","Havenogene","BCL3","Havenogene","Havenogene","NDUFB7","NXT1","LTF","Havenogene","SPARC","Havenogene","Havenogene","IL2RB","MADCAM1","Havenogene","Havenogene","LGALS3","Havenogene","Havenogene","STIP1","JPT1","MRPL23","Havenogene","CXCL12","STAB1","ATOH8","Havenogene","MTRF1","SOD1","Havenogene","IRAG2","Havenogene","Havenogene","Havenogene","HTATIP2","Havenogene","RABGAP1L","Havenogene","Havenogene","TAPBP","Havenogene","PECAM1","CD80","Havenogene"
"195","ICOSLG","ETS1","Havenogene","STK38L","Havenogene","Havenogene","Havenogene","Havenogene","PURA","Havenogene","Havenogene","SLC19A1","NAV2","DUSP2","Havenogene","SPDEF","Havenogene","Havenogene","VAMP5","ITGA9","Havenogene","Havenogene","TNFAIP3","Havenogene","Havenogene","DAPP1","POP7","RAD23B","Havenogene","PDGFRB","IRF1","SLC1A5","Havenogene","GLUD1","MED24","Havenogene","H1-2","Havenogene","Havenogene","Havenogene","SLC7A11","Havenogene","TGM2","Havenogene","Havenogene","NOS2","Havenogene","CCSER2","ATP4A","Havenogene"
"196","GFPT2","HOXB9","Havenogene","YWHAE","Havenogene","Havenogene","Havenogene","Havenogene","MEIS2","Havenogene","Havenogene","ABCB8","RRP12","PTPN6","Havenogene","SLN","Havenogene","Havenogene","IL18BP","CD86","Havenogene","Havenogene","CDH13","Havenogene","Havenogene","ABCF2","SYNCRIP","RPS10","Havenogene","SLIT2","ICAM4","IRF8","Havenogene","SUPV3L1","AK3","Havenogene","DNTTIP2","Havenogene","Havenogene","Havenogene","KHNYN","Havenogene","PNP","Havenogene","Havenogene","RPL9","Havenogene","SNAP91","ARPP21","Havenogene"
"197","KLF2","SELENBP1","Havenogene","RAPGEF5","Havenogene","Havenogene","Havenogene","Havenogene","PAFAH1B1","Havenogene","Havenogene","SLC66A3","ADCY1","ATP2B4","Havenogene","WWTR1","Havenogene","Havenogene","ZNFX1","TRO","Havenogene","Havenogene","ITIH1","Havenogene","Havenogene","NFYC","EIF2S1","PHB1","Havenogene","NOTCH2","P2RX4","NINJ1","Havenogene","GRPEL1","XYLT2","Havenogene","MXD4","Havenogene","Havenogene","Havenogene","MBOAT2","Havenogene","AGER","Havenogene","Havenogene","BCAT1","Havenogene","EVI5","SERPINB2","Havenogene"
"198","TNC","FOSL2","Havenogene","CEP72","Havenogene","Havenogene","Havenogene","Havenogene","WRN","Havenogene","Havenogene","POR","DHCR7","ST6GALNAC2","Havenogene","CD36","Havenogene","Havenogene","ARID5B","CLDN5","Havenogene","Havenogene","TFPI2","Havenogene","Havenogene","ATP5MC1","LYAR","DDX21","Havenogene","COLGALT1","ABI1","AP4B1","Havenogene","PDP1","ARTN","Havenogene","SEC61A1","Havenogene","Havenogene","Havenogene","ATP6V0A1","Havenogene","ETV4","Havenogene","Havenogene","IL9","Havenogene","TNFRSF1B","TLX1","Havenogene"
"199","SERPINB8","SULT2B1","Havenogene","CSNK1D","Havenogene","Havenogene","Havenogene","Havenogene","H2AZ2","Havenogene","Havenogene","UCP2","MICB","ADD3","Havenogene","ADCY9","Havenogene","Havenogene","APOL6","MPZL1","Havenogene","Havenogene","PIK3CG","Havenogene","Havenogene","PFKL","PAN2","CYC1","Havenogene","GPX7","CX3CL1","ACSM1","Havenogene","ALDH6A1","PPIA","Havenogene","HMOX1","Havenogene","Havenogene","Havenogene","CAST","Havenogene","CD86","Havenogene","Havenogene","IL27RA","Havenogene","GPNMB","EFHD1","Havenogene"
"200","MXD1","TGFB3","Havenogene","Havenogene","Havenogene","Havenogene","Havenogene","Havenogene","ODF2","Havenogene","Havenogene","UQCR11","AKAP1","DYNLT3","Havenogene","APOD","Havenogene","Havenogene","STAT4","WASL","Havenogene","Havenogene","S100A13","Havenogene","Havenogene","CCT6A","SPC24","PABPC1","Havenogene","WIPF1","SLC28A2","ITIH1","Havenogene","OAT","CHST4","Havenogene","RAD9A","Havenogene","Havenogene","Havenogene","TYR","Havenogene","Havenogene","Havenogene","Havenogene","DYRK3","Havenogene","TPH1","P2RY4","Havenogene"
